01.01.2021 00:00,-1.3
01.01.2021 03:00,-1.0
01.01.2021 06:00,-0.9
01.01.2021 09:00,-0.9
01.01.2021 12:00,-0.4
01.01.2021 15:00,0.0
01.01.2021 18:00,0.3
01.01.2021 21:00,0.6
02.01.2021 00:00,0.2
02.01.2021 03:00,0.0
02.01.2021 06:00,-0.7
02.01.2021 09:00,-0.8
02.01.2021 12:00,-0.8
02.01.2021 15:00,-0.2
02.01.2021 18:00,0.3
02.01.2021 21:00,0.7
03.01.2021 00:00,0.4
03.01.2021 03:00,0.4
03.01.2021 06:00,0.0
03.01.2021 09:00,-0.6
03.01.2021 12:00,0.7
03.01.2021 15:00,0.7
03.01.2021 18:00,0.1
03.01.2021 21:00,0.7
04.01.2021 00:00,0.8
04.01.2021 03:00,0.4
04.01.2021 06:00,0.2
04.01.2021 09:00,-0.4
04.01.2021 12:00,-0.6
04.01.2021 15:00,-1.4
04.01.2021 18:00,-1.5
04.01.2021 21:00,-1.3
05.01.2021 00:00,-1.2
05.01.2021 03:00,-1.2
05.01.2021 06:00,-1.3
05.01.2021 09:00,-1.3
05.01.2021 12:00,-0.7
05.01.2021 15:00,-1.3
05.01.2021 18:00,-2.2
05.01.2021 21:00,-2.2
06.01.2021 00:00,-3.1
06.01.2021 03:00,-3.5
06.01.2021 06:00,-3.7
06.01.2021 09:00,-3.8
06.01.2021 12:00,-3.1
06.01.2021 15:00,-3.0
06.01.2021 18:00,-3.4
06.01.2021 21:00,-3.6
07.01.2021 00:00,-3.8
07.01.2021 03:00,-4.4
07.01.2021 06:00,-5.1
07.01.2021 09:00,-5.5
07.01.2021 12:00,-4.9
07.01.2021 15:00,-4.5
07.01.2021 18:00,-4.7
07.01.2021 21:00,-4.9
08.01.2021 00:00,-5.0
08.01.2021 03:00,-5.1
08.01.2021 06:00,-5.3
08.01.2021 09:00,-5.0
08.01.2021 12:00,-3.6
08.01.2021 15:00,-2.9
08.01.2021 18:00,-3.1
08.01.2021 21:00,-3.8
09.01.2021 00:00,-4.9
09.01.2021 03:00,-5.6
09.01.2021 06:00,-5.8
09.01.2021 09:00,-6.2
09.01.2021 12:00,-5.9
09.01.2021 15:00,-5.9
09.01.2021 18:00,-6.0
09.01.2021 21:00,-6.1
10.01.2021 00:00,-6.6
10.01.2021 03:00,-6.9
10.01.2021 06:00,-7.6
10.01.2021 09:00,-9.0
10.01.2021 12:00,-8.3
10.01.2021 15:00,-7.7
10.01.2021 18:00,-8.5
10.01.2021 21:00,-9.0
11.01.2021 00:00,-9.0
11.01.2021 03:00,-9.1
11.01.2021 06:00,-9.0
11.01.2021 09:00,-8.6
11.01.2021 12:00,-8.0
11.01.2021 15:00,-7.6
11.01.2021 18:00,-7.4
11.01.2021 21:00,-8.6
12.01.2021 00:00,-9.4
12.01.2021 03:00,-9.6
12.01.2021 06:00,-10.2
12.01.2021 09:00,-11.2
12.01.2021 12:00,-9.9
12.01.2021 15:00,-9.1
12.01.2021 18:00,-9.7
12.01.2021 21:00,-10.7
13.01.2021 00:00,-11.8
13.01.2021 03:00,-11.7
13.01.2021 06:00,-12.1
13.01.2021 09:00,-11.9
13.01.2021 12:00,-11.1
13.01.2021 15:00,-11.3
13.01.2021 18:00,-12.3
13.01.2021 21:00,-12.6
14.01.2021 00:00,-12.8
14.01.2021 03:00,-12.3
14.01.2021 06:00,-13.4
14.01.2021 09:00,-14.3
14.01.2021 12:00,-13.6
14.01.2021 15:00,-13.7
14.01.2021 18:00,-14.2
14.01.2021 21:00,-14.3
15.01.2021 00:00,-14.6
15.01.2021 03:00,-15.2
15.01.2021 06:00,-16.4
15.01.2021 09:00,-18.6
15.01.2021 12:00,-14.6
15.01.2021 15:00,-13.6
15.01.2021 18:00,-13.7
15.01.2021 21:00,-14.5
16.01.2021 00:00,-15.4
16.01.2021 03:00,-15.5
16.01.2021 06:00,-16.0
16.01.2021 09:00,-16.1
16.01.2021 12:00,-16.2
16.01.2021 15:00,-15.8
16.01.2021 18:00,-16.0
16.01.2021 21:00,-16.2
17.01.2021 00:00,-16.7
17.01.2021 03:00,-17.2
17.01.2021 06:00,-19.6
17.01.2021 09:00,-21.2
17.01.2021 12:00,-19.8
17.01.2021 15:00,-18.0
17.01.2021 18:00,-19.5
17.01.2021 21:00,-19.7
18.01.2021 00:00,-22.4
18.01.2021 03:00,-23.0
18.01.2021 06:00,-23.4
18.01.2021 09:00,-20.8
18.01.2021 12:00,-16.4
18.01.2021 15:00,-15.2
18.01.2021 18:00,-16.2
18.01.2021 21:00,-16.4
19.01.2021 00:00,-17.3
19.01.2021 03:00,-16.5
19.01.2021 06:00,-16.3
19.01.2021 09:00,-15.6
19.01.2021 12:00,-13.1
19.01.2021 15:00,-12.1
19.01.2021 18:00,-11.9
19.01.2021 21:00,-12.0
20.01.2021 00:00,-11.2
20.01.2021 03:00,-10.9
20.01.2021 06:00,-10.3
20.01.2021 09:00,-8.9
20.01.2021 12:00,-6.4
20.01.2021 15:00,-5.6
20.01.2021 18:00,-6.0
20.01.2021 21:00,-7.8
21.01.2021 00:00,-11.3
21.01.2021 03:00,-13.5
21.01.2021 06:00,-13.0
21.01.2021 09:00,-11.6
21.01.2021 12:00,-10.2
21.01.2021 15:00,-10.0
21.01.2021 18:00,-9.6
21.01.2021 21:00,-9.4
22.01.2021 00:00,-8.6
22.01.2021 03:00,-8.0
22.01.2021 06:00,-7.5
22.01.2021 09:00,-7.0
22.01.2021 12:00,-5.0
22.01.2021 15:00,-1.9
22.01.2021 18:00,-1.1
22.01.2021 21:00,-1.2
23.01.2021 00:00,-0.9
23.01.2021 03:00,-0.8
23.01.2021 06:00,-0.4
23.01.2021 09:00,0.2
23.01.2021 12:00,1.5
23.01.2021 15:00,1.8
23.01.2021 18:00,1.6
23.01.2021 21:00,1.4
24.01.2021 00:00,1.4
24.01.2021 03:00,0.8
24.01.2021 06:00,0.5
24.01.2021 09:00,0.2
24.01.2021 12:00,0.5
24.01.2021 15:00,1.1
24.01.2021 18:00,1.5
24.01.2021 21:00,2.2
25.01.2021 00:00,2.8
25.01.2021 03:00,3.2
25.01.2021 06:00,3.3
25.01.2021 09:00,2.8
25.01.2021 12:00,2.3
25.01.2021 15:00,2.1
25.01.2021 18:00,1.3
25.01.2021 21:00,0.9
26.01.2021 00:00,0.5
26.01.2021 03:00,-0.1
26.01.2021 06:00,-0.4
26.01.2021 09:00,0.1
26.01.2021 12:00,1.5
26.01.2021 15:00,1.6
26.01.2021 18:00,1.4
26.01.2021 21:00,2.0
27.01.2021 00:00,2.0
27.01.2021 03:00,2.0
27.01.2021 06:00,2.1
27.01.2021 09:00,1.9
27.01.2021 12:00,2.1
27.01.2021 15:00,2.0
27.01.2021 18:00,1.6
27.01.2021 21:00,1.3
28.01.2021 00:00,0.8
28.01.2021 03:00,0.1
28.01.2021 06:00,-0.6
28.01.2021 09:00,-0.9
28.01.2021 12:00,-0.1
28.01.2021 15:00,0.8
28.01.2021 18:00,0.7
28.01.2021 21:00,0.8
29.01.2021 00:00,0.6
29.01.2021 03:00,0.2
29.01.2021 06:00,-0.1
29.01.2021 09:00,-0.4
29.01.2021 12:00,1.2
29.01.2021 15:00,1.1
29.01.2021 18:00,0.1
29.01.2021 21:00,-0.4
30.01.2021 00:00,-0.9
30.01.2021 03:00,-2.0
30.01.2021 06:00,-3.0
30.01.2021 09:00,-3.2
30.01.2021 12:00,-2.8
30.01.2021 15:00,-1.6
30.01.2021 18:00,-2.2
30.01.2021 21:00,-2.8
31.01.2021 00:00,-3.2
31.01.2021 03:00,-3.6
31.01.2021 06:00,-4.1
31.01.2021 09:00,-4.4
31.01.2021 12:00,-3.4
31.01.2021 15:00,-3.4
31.01.2021 18:00,-3.5
31.01.2021 21:00,-3.5
01.02.2021 00:00,-3.4
01.02.2021 03:00,-3.4
01.02.2021 06:00,-2.7
01.02.2021 09:00,-3.1
01.02.2021 12:00,-1.0
01.02.2021 15:00,-0.4
01.02.2021 18:00,-1.5
01.02.2021 21:00,-3.8
02.02.2021 00:00,-6.6
02.02.2021 03:00,-8.5
02.02.2021 06:00,-10.3
02.02.2021 09:00,-11.0
02.02.2021 12:00,-3.1
02.02.2021 15:00,-3.9
02.02.2021 18:00,-7.0
02.02.2021 21:00,-8.9
03.02.2021 00:00,-9.0
03.02.2021 03:00,-8.7
03.02.2021 06:00,-8.3
03.02.2021 09:00,-6.7
03.02.2021 12:00,-7.1
03.02.2021 15:00,-6.1
03.02.2021 18:00,-5.5
03.02.2021 21:00,-3.9
04.02.2021 00:00,-2.3
04.02.2021 03:00,-1.9
04.02.2021 06:00,-1.8
04.02.2021 09:00,-1.8
04.02.2021 12:00,-0.4
04.02.2021 15:00,-0.9
04.02.2021 18:00,-3.5
04.02.2021 21:00,-5.8
05.02.2021 00:00,-7.1
05.02.2021 03:00,-8.1
05.02.2021 06:00,-9.3
05.02.2021 09:00,-11.9
05.02.2021 12:00,-10.8
05.02.2021 15:00,-9.7
05.02.2021 18:00,-10.4
05.02.2021 21:00,-10.6
06.02.2021 00:00,-11.8
06.02.2021 03:00,-12.8
06.02.2021 06:00,-14.1
06.02.2021 09:00,-15.2
06.02.2021 12:00,-15.3
06.02.2021 15:00,-14.9
06.02.2021 18:00,-16.1
06.02.2021 21:00,-16.8
07.02.2021 00:00,-17.6
07.02.2021 03:00,-17.9
07.02.2021 06:00,-16.6
07.02.2021 09:00,-15.1
07.02.2021 12:00,-13.3
07.02.2021 15:00,-11.5
07.02.2021 18:00,-11.9
07.02.2021 21:00,-11.7
08.02.2021 00:00,-13.4
08.02.2021 03:00,-14.7
08.02.2021 06:00,-18.1
08.02.2021 09:00,-17.1
08.02.2021 12:00,-12.5
08.02.2021 15:00,-10.1
08.02.2021 18:00,-10.5
08.02.2021 21:00,-14.7
09.02.2021 00:00,-17.7
09.02.2021 03:00,-18.6
09.02.2021 06:00,-17.7
09.02.2021 09:00,-14.3
09.02.2021 12:00,-12.6
09.02.2021 15:00,-12.2
09.02.2021 18:00,-13.5
09.02.2021 21:00,-13.3
10.02.2021 00:00,-12.9
10.02.2021 03:00,-13.3
10.02.2021 06:00,-13.7
10.02.2021 09:00,-14.5
10.02.2021 12:00,-12.4
10.02.2021 15:00,-11.5
10.02.2021 18:00,-12.1
10.02.2021 21:00,-13.4
11.02.2021 00:00,-14.9
11.02.2021 03:00,-16.0
11.02.2021 06:00,-16.2
11.02.2021 09:00,-15.5
11.02.2021 12:00,-13.2
11.02.2021 15:00,-12.3
11.02.2021 18:00,-13.2
11.02.2021 21:00,-14.1
12.02.2021 00:00,-14.4
12.02.2021 03:00,-14.7
12.02.2021 06:00,-15.2
12.02.2021 09:00,-15.4
12.02.2021 12:00,-14.6
12.02.2021 15:00,-13.8
12.02.2021 18:00,-14.3
12.02.2021 21:00,-14.2
13.02.2021 00:00,-14.6
13.02.2021 03:00,-15.2
13.02.2021 06:00,-15.2
13.02.2021 09:00,-14.7
13.02.2021 12:00,-13.8
13.02.2021 15:00,-12.7
13.02.2021 18:00,-13.3
13.02.2021 21:00,-13.4
14.02.2021 00:00,-13.9
14.02.2021 03:00,-14.4
14.02.2021 06:00,-14.9
14.02.2021 09:00,-15.1
14.02.2021 12:00,-14.3
14.02.2021 15:00,-12.8
14.02.2021 18:00,-11.9
14.02.2021 21:00,-12.2
15.02.2021 00:00,-13.9
15.02.2021 03:00,-15.5
15.02.2021 06:00,-17.8
15.02.2021 09:00,-18.3
15.02.2021 12:00,-15.3
15.02.2021 15:00,-13.2
15.02.2021 18:00,-14.1
15.02.2021 21:00,-17.6
16.02.2021 00:00,-18.6
16.02.2021 03:00,-21.0
16.02.2021 06:00,-21.6
16.02.2021 09:00,-17.0
16.02.2021 12:00,-12.2
16.02.2021 15:00,-11.2
16.02.2021 18:00,-11.4
16.02.2021 21:00,-11.6
17.02.2021 00:00,-11.4
17.02.2021 03:00,-11.4
17.02.2021 06:00,-11.8
17.02.2021 09:00,-12.2
17.02.2021 12:00,-8.8
17.02.2021 15:00,-8.7
17.02.2021 18:00,-10.7
17.02.2021 21:00,-12.9
18.02.2021 00:00,-13.7
18.02.2021 03:00,-15.4
18.02.2021 06:00,-18.0
18.02.2021 09:00,-18.9
18.02.2021 12:00,-14.5
18.02.2021 15:00,-13.0
18.02.2021 18:00,-14.3
18.02.2021 21:00,-16.0
19.02.2021 00:00,-16.3
19.02.2021 03:00,-15.7
19.02.2021 06:00,-16.9
19.02.2021 09:00,-18.0
19.02.2021 12:00,-12.7
19.02.2021 15:00,-10.1
19.02.2021 18:00,-10.7
19.02.2021 21:00,-12.0
20.02.2021 00:00,-14.9
20.02.2021 03:00,-17.6
20.02.2021 06:00,-17.6
20.02.2021 09:00,-13.8
20.02.2021 12:00,-8.7
20.02.2021 15:00,-6.7
20.02.2021 18:00,-8.9
20.02.2021 21:00,-8.9
21.02.2021 00:00,-9.0
21.02.2021 03:00,-9.1
21.02.2021 06:00,-9.1
21.02.2021 09:00,-8.3
21.02.2021 12:00,-6.4
21.02.2021 15:00,-5.8
21.02.2021 18:00,-6.5
21.02.2021 21:00,-7.0
22.02.2021 00:00,-8.2
22.02.2021 03:00,-9.5
22.02.2021 06:00,-11.6
22.02.2021 09:00,-13.5
22.02.2021 12:00,-12.8
22.02.2021 15:00,-12.1
22.02.2021 18:00,-14.1
22.02.2021 21:00,-17.0
23.02.2021 00:00,-20.5
23.02.2021 03:00,-22.1
23.02.2021 06:00,-23.5
23.02.2021 09:00,-23.4
23.02.2021 12:00,-18.3
23.02.2021 15:00,-16.2
23.02.2021 18:00,-16.7
23.02.2021 21:00,-16.9
24.02.2021 00:00,-16.5
24.02.2021 03:00,-16.7
24.02.2021 06:00,-16.6
24.02.2021 09:00,-16.3
24.02.2021 12:00,-14.6
24.02.2021 15:00,-12.9
24.02.2021 18:00,-12.4
24.02.2021 21:00,-12.5
25.02.2021 00:00,-12.1
25.02.2021 03:00,-11.3
25.02.2021 06:00,-8.9
25.02.2021 09:00,-4.6
25.02.2021 12:00,-0.2
25.02.2021 15:00,2.2
25.02.2021 18:00,2.3
25.02.2021 21:00,2.6
26.02.2021 00:00,2.2
26.02.2021 03:00,2.4
26.02.2021 06:00,3.6
26.02.2021 09:00,4.2
26.02.2021 12:00,5.1
26.02.2021 15:00,5.4
26.02.2021 18:00,5.2
26.02.2021 21:00,4.8
27.02.2021 00:00,3.4
27.02.2021 03:00,3.0
27.02.2021 06:00,2.3
27.02.2021 09:00,-1.8
27.02.2021 12:00,-1.9
27.02.2021 15:00,0.7
27.02.2021 18:00,0.4
27.02.2021 21:00,-0.1
28.02.2021 00:00,-0.4
28.02.2021 03:00,-0.8
28.02.2021 06:00,-1.0
28.02.2021 09:00,-0.5
28.02.2021 12:00,1.0
28.02.2021 15:00,1.7
28.02.2021 18:00,1.0
28.02.2021 21:00,0.2
01.03.2021 00:00,-0.9
01.03.2021 03:00,-1.1
01.03.2021 06:00,-1.6
01.03.2021 09:00,0.3
01.03.2021 12:00,1.9
01.03.2021 15:00,2.4
01.03.2021 18:00,1.8
01.03.2021 21:00,2.1
02.03.2021 00:00,2.5
02.03.2021 03:00,3.2
02.03.2021 06:00,3.2
02.03.2021 09:00,3.6
02.03.2021 12:00,5.0
02.03.2021 15:00,4.8
02.03.2021 18:00,4.0
02.03.2021 21:00,1.8
03.03.2021 00:00,1.0
03.03.2021 03:00,-1.4
03.03.2021 06:00,-2.2
03.03.2021 09:00,-1.3
03.03.2021 12:00,2.1
03.03.2021 15:00,2.9
03.03.2021 18:00,3.2
03.03.2021 21:00,1.7
04.03.2021 00:00,1.2
04.03.2021 03:00,2.0
04.03.2021 06:00,1.1
04.03.2021 09:00,1.5
04.03.2021 12:00,2.5
04.03.2021 15:00,1.3
04.03.2021 18:00,0.8
04.03.2021 21:00,-0.3
05.03.2021 00:00,-2.0
05.03.2021 03:00,-4.5
05.03.2021 06:00,-5.0
05.03.2021 09:00,-3.8
05.03.2021 12:00,-1.7
05.03.2021 15:00,-1.8
05.03.2021 18:00,-3.6
05.03.2021 21:00,-5.9
06.03.2021 00:00,-7.0
06.03.2021 03:00,-7.7
06.03.2021 06:00,-10.7
06.03.2021 09:00,-7.3
06.03.2021 12:00,-4.5
06.03.2021 15:00,-4.2
06.03.2021 18:00,-5.0
06.03.2021 21:00,-7.0
07.03.2021 00:00,-7.7
07.03.2021 03:00,-7.2
07.03.2021 06:00,-6.6
07.03.2021 09:00,-5.4
07.03.2021 12:00,-3.9
07.03.2021 15:00,-2.0
07.03.2021 18:00,-3.8
07.03.2021 21:00,-4.7
08.03.2021 00:00,-6.0
08.03.2021 03:00,-6.4
08.03.2021 06:00,-6.7
08.03.2021 09:00,-6.6
08.03.2021 12:00,-5.7
08.03.2021 15:00,-4.9
08.03.2021 18:00,-6.3
08.03.2021 21:00,-7.8
09.03.2021 00:00,-9.5
09.03.2021 03:00,-11.7
09.03.2021 06:00,-13.9
09.03.2021 09:00,-13.9
09.03.2021 12:00,-11.4
09.03.2021 15:00,-11.0
09.03.2021 18:00,-11.9
09.03.2021 21:00,-13.7
10.03.2021 00:00,-15.6
10.03.2021 03:00,-18.1
10.03.2021 06:00,-20.4
10.03.2021 09:00,-20.1
10.03.2021 12:00,-16.0
10.03.2021 15:00,-12.5
10.03.2021 18:00,-13.3
10.03.2021 21:00,-16.0
11.03.2021 00:00,-17.3
11.03.2021 03:00,-17.8
11.03.2021 06:00,-19.5
11.03.2021 09:00,-14.5
11.03.2021 12:00,-8.7
11.03.2021 15:00,-6.5
11.03.2021 18:00,-8.4
11.03.2021 21:00,-10.6
12.03.2021 00:00,-11.5
12.03.2021 03:00,-13.1
12.03.2021 06:00,-14.0
12.03.2021 09:00,-11.4
12.03.2021 12:00,-6.9
12.03.2021 15:00,-5.1
12.03.2021 18:00,-7.0
12.03.2021 21:00,-7.6
13.03.2021 00:00,-6.8
13.03.2021 03:00,-6.4
13.03.2021 06:00,-6.0
13.03.2021 09:00,-5.1
13.03.2021 12:00,-3.7
13.03.2021 15:00,-2.8
13.03.2021 18:00,-2.3
13.03.2021 21:00,-2.1
14.03.2021 00:00,-2.0
14.03.2021 03:00,-1.4
14.03.2021 06:00,-1.3
14.03.2021 09:00,-0.7
14.03.2021 12:00,0.8
14.03.2021 15:00,1.0
14.03.2021 18:00,1.9
14.03.2021 21:00,2.7
15.03.2021 00:00,2.6
15.03.2021 03:00,3.0
15.03.2021 06:00,2.5
15.03.2021 09:00,2.9
15.03.2021 12:00,1.8
15.03.2021 15:00,2.7
15.03.2021 18:00,2.9
15.03.2021 21:00,2.6
16.03.2021 00:00,2.3
16.03.2021 03:00,1.5
16.03.2021 06:00,-0.3
16.03.2021 09:00,2.2
16.03.2021 12:00,3.2
16.03.2021 15:00,1.8
16.03.2021 18:00,1.3
16.03.2021 21:00,1.5
17.03.2021 00:00,1.4
17.03.2021 03:00,0.7
17.03.2021 06:00,0.1
17.03.2021 09:00,-0.4
17.03.2021 12:00,1.0
17.03.2021 15:00,2.2
17.03.2021 18:00,1.1
17.03.2021 21:00,-0.8
18.03.2021 00:00,-1.1
18.03.2021 03:00,-1.0
18.03.2021 06:00,-1.2
18.03.2021 09:00,0.6
18.03.2021 12:00,1.8
18.03.2021 15:00,2.0
18.03.2021 18:00,2.0
18.03.2021 21:00,0.8
19.03.2021 00:00,-0.1
19.03.2021 03:00,-1.0
19.03.2021 06:00,-1.3
19.03.2021 09:00,-0.8
19.03.2021 12:00,0.9
19.03.2021 15:00,1.3
19.03.2021 18:00,0.4
19.03.2021 21:00,-1.6
20.03.2021 00:00,-2.1
20.03.2021 03:00,-4.3
20.03.2021 06:00,-5.4
20.03.2021 09:00,-3.9
20.03.2021 12:00,-1.0
20.03.2021 15:00,0.0
20.03.2021 18:00,-0.3
20.03.2021 21:00,-1.5
21.03.2021 00:00,-3.4
21.03.2021 03:00,-3.9
21.03.2021 06:00,-4.5
21.03.2021 09:00,-2.3
21.03.2021 12:00,1.3
21.03.2021 15:00,2.2
21.03.2021 18:00,-0.7
21.03.2021 21:00,-1.2
22.03.2021 00:00,-0.7
22.03.2021 03:00,-0.5
22.03.2021 06:00,-0.3
22.03.2021 09:00,0.9
22.03.2021 12:00,2.2
22.03.2021 15:00,2.8
22.03.2021 18:00,1.1
22.03.2021 21:00,-0.2
23.03.2021 00:00,-1.0
23.03.2021 03:00,-2.0
23.03.2021 06:00,-3.3
23.03.2021 09:00,-1.9
23.03.2021 12:00,-0.1
23.03.2021 15:00,0.9
23.03.2021 18:00,0.4
23.03.2021 21:00,-2.1
24.03.2021 00:00,-4.7
24.03.2021 03:00,-6.8
24.03.2021 06:00,-7.9
24.03.2021 09:00,-0.6
24.03.2021 12:00,3.4
24.03.2021 15:00,6.1
24.03.2021 18:00,5.3
24.03.2021 21:00,0.3
25.03.2021 00:00,-0.2
25.03.2021 03:00,1.6
25.03.2021 06:00,-0.8
25.03.2021 09:00,3.5
25.03.2021 12:00,8.8
25.03.2021 15:00,10.7
25.03.2021 18:00,8.3
25.03.2021 21:00,3.3
26.03.2021 00:00,1.0
26.03.2021 03:00,-0.6
26.03.2021 06:00,-1.9
26.03.2021 09:00,3.2
26.03.2021 12:00,8.2
26.03.2021 15:00,8.9
26.03.2021 18:00,8.1
26.03.2021 21:00,3.4
27.03.2021 00:00,3.5
27.03.2021 03:00,3.3
27.03.2021 06:00,3.3
27.03.2021 09:00,4.1
27.03.2021 12:00,8.1
27.03.2021 15:00,9.6
27.03.2021 18:00,8.0
27.03.2021 21:00,2.0
28.03.2021 00:00,0.2
28.03.2021 03:00,-1.7
28.03.2021 06:00,-3.1
28.03.2021 09:00,5.3
28.03.2021 12:00,9.0
28.03.2021 15:00,10.2
28.03.2021 18:00,7.6
28.03.2021 21:00,4.6
29.03.2021 00:00,2.7
29.03.2021 03:00,0.6
29.03.2021 06:00,-2.2
29.03.2021 09:00,4.2
29.03.2021 12:00,6.7
29.03.2021 15:00,8.1
29.03.2021 18:00,7.1
29.03.2021 21:00,4.5
30.03.2021 00:00,2.4
30.03.2021 03:00,0.2
30.03.2021 06:00,0.7
30.03.2021 09:00,3.9
30.03.2021 12:00,7.2
30.03.2021 15:00,7.8
30.03.2021 18:00,6.6
30.03.2021 21:00,3.1
31.03.2021 00:00,2.1
31.03.2021 03:00,2.6
31.03.2021 06:00,3.1
31.03.2021 09:00,3.9
31.03.2021 12:00,5.5
31.03.2021 15:00,5.5
31.03.2021 18:00,5.6
31.03.2021 21:00,5.6
01.04.2021 00:00,6.0
01.04.2021 03:00,5.8
01.04.2021 06:00,5.0
01.04.2021 09:00,5.9
01.04.2021 12:00,7.4
01.04.2021 15:00,8.0
01.04.2021 18:00,7.2
01.04.2021 21:00,3.3
02.04.2021 00:00,3.3
02.04.2021 03:00,2.3
02.04.2021 06:00,0.6
02.04.2021 09:00,0.8
02.04.2021 12:00,2.6
02.04.2021 15:00,5.2
02.04.2021 18:00,5.4
02.04.2021 21:00,1.4
03.04.2021 00:00,-0.3
03.04.2021 03:00,-1.5
03.04.2021 06:00,-1.4
03.04.2021 09:00,3.4
03.04.2021 12:00,7.1
03.04.2021 15:00,3.1
03.04.2021 18:00,4.3
03.04.2021 21:00,1.4
04.04.2021 00:00,-0.3
04.04.2021 03:00,0.3
04.04.2021 06:00,-0.2
04.04.2021 09:00,3.2
04.04.2021 12:00,5.2
04.04.2021 15:00,5.9
04.04.2021 18:00,5.6
04.04.2021 21:00,4.0
05.04.2021 00:00,3.4
05.04.2021 03:00,2.2
05.04.2021 06:00,2.1
05.04.2021 09:00,3.3
05.04.2021 12:00,5.7
05.04.2021 15:00,8.5
05.04.2021 18:00,7.6
05.04.2021 21:00,5.6
06.04.2021 00:00,4.7
06.04.2021 03:00,2.9
06.04.2021 06:00,2.6
06.04.2021 09:00,6.5
06.04.2021 12:00,10.1
06.04.2021 15:00,11.0
06.04.2021 18:00,10.4
06.04.2021 21:00,8.2
07.04.2021 00:00,6.2
07.04.2021 03:00,4.3
07.04.2021 06:00,3.3
07.04.2021 09:00,6.6
07.04.2021 12:00,10.1
07.04.2021 15:00,11.1
07.04.2021 18:00,8.3
07.04.2021 21:00,4.1
08.04.2021 00:00,2.8
08.04.2021 03:00,3.0
08.04.2021 06:00,3.3
08.04.2021 09:00,2.4
08.04.2021 12:00,1.1
08.04.2021 15:00,2.8
08.04.2021 18:00,0.8
08.04.2021 21:00,1.9
09.04.2021 00:00,1.1
09.04.2021 03:00,0.9
09.04.2021 06:00,0.7
09.04.2021 09:00,2.2
09.04.2021 12:00,6.4
09.04.2021 15:00,7.5
09.04.2021 18:00,7.4
09.04.2021 21:00,4.8
10.04.2021 00:00,3.9
10.04.2021 03:00,2.8
10.04.2021 06:00,0.0
10.04.2021 09:00,7.7
10.04.2021 12:00,10.8
10.04.2021 15:00,12.0
10.04.2021 18:00,10.8
10.04.2021 21:00,7.3
11.04.2021 00:00,6.0
11.04.2021 03:00,4.2
11.04.2021 06:00,2.2
11.04.2021 09:00,9.7
11.04.2021 12:00,15.0
11.04.2021 15:00,17.1
11.04.2021 18:00,16.3
11.04.2021 21:00,9.8
12.04.2021 00:00,7.3
12.04.2021 03:00,4.5
12.04.2021 06:00,2.8
12.04.2021 09:00,12.2
12.04.2021 12:00,15.0
12.04.2021 15:00,15.1
12.04.2021 18:00,14.0
12.04.2021 21:00,12.2
13.04.2021 00:00,10.2
13.04.2021 03:00,8.5
13.04.2021 06:00,7.8
13.04.2021 09:00,13.9
13.04.2021 12:00,19.6
13.04.2021 15:00,22.3
13.04.2021 18:00,21.6
13.04.2021 21:00,17.9
14.04.2021 00:00,15.5
14.04.2021 03:00,14.1
14.04.2021 06:00,11.7
14.04.2021 09:00,17.2
14.04.2021 12:00,18.9
14.04.2021 15:00,21.5
14.04.2021 18:00,21.3
14.04.2021 21:00,14.6
15.04.2021 00:00,10.1
15.04.2021 03:00,8.9
15.04.2021 06:00,10.0
15.04.2021 09:00,12.5
15.04.2021 12:00,16.7
15.04.2021 15:00,20.3
15.04.2021 18:00,18.6
15.04.2021 21:00,12.9
16.04.2021 00:00,10.3
16.04.2021 03:00,8.8
16.04.2021 06:00,7.3
16.04.2021 09:00,9.6
16.04.2021 12:00,14.4
16.04.2021 15:00,17.9
16.04.2021 18:00,16.2
16.04.2021 21:00,13.5
17.04.2021 00:00,11.1
17.04.2021 03:00,9.1
17.04.2021 06:00,7.7
17.04.2021 09:00,9.3
17.04.2021 12:00,15.2
17.04.2021 15:00,18.6
17.04.2021 18:00,16.9
17.04.2021 21:00,13.8
18.04.2021 00:00,11.2
18.04.2021 03:00,8.7
18.04.2021 06:00,6.6
18.04.2021 09:00,10.8
18.04.2021 12:00,14.6
18.04.2021 15:00,13.7
18.04.2021 18:00,10.2
18.04.2021 21:00,9.4
19.04.2021 00:00,10.1
19.04.2021 03:00,8.6
19.04.2021 06:00,6.6
19.04.2021 09:00,9.6
19.04.2021 12:00,12.7
19.04.2021 15:00,14.6
19.04.2021 18:00,10.9
19.04.2021 21:00,7.7
20.04.2021 00:00,6.8
20.04.2021 03:00,5.7
20.04.2021 06:00,4.6
20.04.2021 09:00,6.1
20.04.2021 12:00,9.5
20.04.2021 15:00,7.4
20.04.2021 18:00,2.5
20.04.2021 21:00,3.8
21.04.2021 00:00,3.2
21.04.2021 03:00,2.4
21.04.2021 06:00,1.1
21.04.2021 09:00,2.2
21.04.2021 12:00,4.4
21.04.2021 15:00,5.6
21.04.2021 18:00,6.0
21.04.2021 21:00,5.6
22.04.2021 00:00,5.5
22.04.2021 03:00,5.6
22.04.2021 06:00,5.7
22.04.2021 09:00,9.8
22.04.2021 12:00,12.3
22.04.2021 15:00,15.3
22.04.2021 18:00,12.2
22.04.2021 21:00,9.4
23.04.2021 00:00,9.0
23.04.2021 03:00,8.8
23.04.2021 06:00,8.3
23.04.2021 09:00,11.7
23.04.2021 12:00,15.6
23.04.2021 15:00,12.7
23.04.2021 18:00,9.1
23.04.2021 21:00,6.4
24.04.2021 00:00,5.8
24.04.2021 03:00,4.7
24.04.2021 06:00,4.0
24.04.2021 09:00,3.5
24.04.2021 12:00,2.5
24.04.2021 15:00,4.3
24.04.2021 18:00,4.9
24.04.2021 21:00,3.7
25.04.2021 00:00,3.2
25.04.2021 03:00,2.6
25.04.2021 06:00,1.2
25.04.2021 09:00,3.1
25.04.2021 12:00,4.6
25.04.2021 15:00,5.9
25.04.2021 18:00,5.6
25.04.2021 21:00,4.0
26.04.2021 00:00,3.5
26.04.2021 03:00,2.3
26.04.2021 06:00,1.7
26.04.2021 09:00,5.1
26.04.2021 12:00,8.1
26.04.2021 15:00,8.0
26.04.2021 18:00,8.0
26.04.2021 21:00,5.1
27.04.2021 00:00,3.3
27.04.2021 03:00,3.0
27.04.2021 06:00,3.9
27.04.2021 09:00,3.0
27.04.2021 12:00,1.8
27.04.2021 15:00,2.9
27.04.2021 18:00,2.7
27.04.2021 21:00,2.6
28.04.2021 00:00,3.2
28.04.2021 03:00,3.3
28.04.2021 06:00,1.7
28.04.2021 09:00,5.2
28.04.2021 12:00,6.5
28.04.2021 15:00,8.5
28.04.2021 18:00,5.0
28.04.2021 21:00,5.0
29.04.2021 00:00,4.4
29.04.2021 03:00,4.1
29.04.2021 06:00,2.3
29.04.2021 09:00,6.7
29.04.2021 12:00,8.9
29.04.2021 15:00,10.3
29.04.2021 18:00,10.8
29.04.2021 21:00,6.4
30.04.2021 00:00,5.8
30.04.2021 03:00,7.5
30.04.2021 06:00,7.7
30.04.2021 09:00,11.2
30.04.2021 12:00,11.2
30.04.2021 15:00,12.8
30.04.2021 18:00,15.9
30.04.2021 21:00,11.1
01.05.2021 00:00,11.0
01.05.2021 03:00,9.3
01.05.2021 06:00,8.3
01.05.2021 09:00,7.3
01.05.2021 12:00,10.3
01.05.2021 15:00,12.4
01.05.2021 18:00,11.9
01.05.2021 21:00,7.5
02.05.2021 00:00,4.0
02.05.2021 03:00,6.2
02.05.2021 06:00,7.7
02.05.2021 09:00,11.8
02.05.2021 12:00,13.4
02.05.2021 15:00,13.9
02.05.2021 18:00,12.8
02.05.2021 21:00,10.1
03.05.2021 00:00,9.6
03.05.2021 03:00,8.0
03.05.2021 06:00,8.2
03.05.2021 09:00,9.0
03.05.2021 12:00,12.2
03.05.2021 15:00,18.2
03.05.2021 18:00,18.0
03.05.2021 21:00,13.3
04.05.2021 00:00,9.2
04.05.2021 03:00,7.3
04.05.2021 06:00,6.5
04.05.2021 09:00,6.7
04.05.2021 12:00,4.2
04.05.2021 15:00,4.9
04.05.2021 18:00,4.7
04.05.2021 21:00,5.0
05.05.2021 00:00,4.3
05.05.2021 03:00,4.5
05.05.2021 06:00,4.3
05.05.2021 09:00,8.4
05.05.2021 12:00,12.1
05.05.2021 15:00,13.0
05.05.2021 18:00,10.4
05.05.2021 21:00,8.5
06.05.2021 00:00,7.1
06.05.2021 03:00,5.7
06.05.2021 06:00,5.8
06.05.2021 09:00,14.9
06.05.2021 12:00,17.8
06.05.2021 15:00,12.5
06.05.2021 18:00,14.4
06.05.2021 21:00,10.8
07.05.2021 00:00,9.3
07.05.2021 03:00,6.8
07.05.2021 06:00,6.5
07.05.2021 09:00,10.2
07.05.2021 12:00,12.1
07.05.2021 15:00,14.4
07.05.2021 18:00,14.9
07.05.2021 21:00,12.0
08.05.2021 00:00,9.8
08.05.2021 03:00,10.2
08.05.2021 06:00,8.7
08.05.2021 09:00,7.6
08.05.2021 12:00,8.9
08.05.2021 15:00,9.3
08.05.2021 18:00,9.0
08.05.2021 21:00,8.6
09.05.2021 00:00,8.1
09.05.2021 03:00,6.7
09.05.2021 06:00,6.2
09.05.2021 09:00,5.6
09.05.2021 12:00,6.3
09.05.2021 15:00,8.3
09.05.2021 18:00,10.1
09.05.2021 21:00,9.1
10.05.2021 00:00,7.1
10.05.2021 03:00,6.1
10.05.2021 06:00,6.0
10.05.2021 09:00,10.5
10.05.2021 12:00,13.6
10.05.2021 15:00,15.9
10.05.2021 18:00,16.1
10.05.2021 21:00,11.0
11.05.2021 00:00,6.5
11.05.2021 03:00,4.4
11.05.2021 06:00,6.8
11.05.2021 09:00,15.0
11.05.2021 12:00,19.0
11.05.2021 15:00,22.9
11.05.2021 18:00,23.3
11.05.2021 21:00,18.6
12.05.2021 00:00,14.5
12.05.2021 03:00,11.3
12.05.2021 06:00,10.6
12.05.2021 09:00,14.3
12.05.2021 12:00,17.3
12.05.2021 15:00,23.9
12.05.2021 18:00,15.7
12.05.2021 21:00,15.2
13.05.2021 00:00,15.0
13.05.2021 03:00,10.5
13.05.2021 06:00,9.6
13.05.2021 09:00,15.0
13.05.2021 12:00,18.7
13.05.2021 15:00,19.3
13.05.2021 18:00,16.4
13.05.2021 21:00,14.2
14.05.2021 00:00,11.2
14.05.2021 03:00,9.3
14.05.2021 06:00,10.1
14.05.2021 09:00,17.7
14.05.2021 12:00,20.9
14.05.2021 15:00,22.2
14.05.2021 18:00,19.1
14.05.2021 21:00,16.8
15.05.2021 00:00,15.3
15.05.2021 03:00,13.8
15.05.2021 06:00,13.8
15.05.2021 09:00,19.6
15.05.2021 12:00,24.6
15.05.2021 15:00,25.6
15.05.2021 18:00,20.8
15.05.2021 21:00,17.0
16.05.2021 00:00,14.8
16.05.2021 03:00,12.8
16.05.2021 06:00,13.9
16.05.2021 09:00,18.9
16.05.2021 12:00,20.8
16.05.2021 15:00,23.3
16.05.2021 18:00,22.1
16.05.2021 21:00,16.9
17.05.2021 00:00,13.4
17.05.2021 03:00,11.6
17.05.2021 06:00,13.0
17.05.2021 09:00,22.6
17.05.2021 12:00,26.7
17.05.2021 15:00,29.2
17.05.2021 18:00,29.7
17.05.2021 21:00,23.3
18.05.2021 00:00,20.1
18.05.2021 03:00,19.0
18.05.2021 06:00,18.5
18.05.2021 09:00,25.4
18.05.2021 12:00,29.2
18.05.2021 15:00,30.7
18.05.2021 18:00,29.7
18.05.2021 21:00,25.3
19.05.2021 00:00,23.9
19.05.2021 03:00,21.6
19.05.2021 06:00,20.4
19.05.2021 09:00,23.3
19.05.2021 12:00,23.1
19.05.2021 15:00,24.6
19.05.2021 18:00,24.3
19.05.2021 21:00,19.9
20.05.2021 00:00,16.4
20.05.2021 03:00,17.2
20.05.2021 06:00,17.3
20.05.2021 09:00,17.1
20.05.2021 12:00,16.8
20.05.2021 15:00,19.2
20.05.2021 18:00,16.9
20.05.2021 21:00,15.4
21.05.2021 00:00,13.7
21.05.2021 03:00,13.9
21.05.2021 06:00,12.8
21.05.2021 09:00,12.6
21.05.2021 12:00,13.1
21.05.2021 15:00,13.4
21.05.2021 18:00,16.0
21.05.2021 21:00,12.7
22.05.2021 00:00,10.3
22.05.2021 03:00,8.2
22.05.2021 06:00,8.2
22.05.2021 09:00,16.1
22.05.2021 12:00,18.4
22.05.2021 15:00,20.8
22.05.2021 18:00,20.5
22.05.2021 21:00,17.3
23.05.2021 00:00,13.9
23.05.2021 03:00,11.7
23.05.2021 06:00,11.7
23.05.2021 09:00,19.6
23.05.2021 12:00,21.8
23.05.2021 15:00,22.4
23.05.2021 18:00,18.0
23.05.2021 21:00,14.2
24.05.2021 00:00,12.9
24.05.2021 03:00,11.2
24.05.2021 06:00,10.9
24.05.2021 09:00,15.9
24.05.2021 12:00,18.0
24.05.2021 15:00,20.0
24.05.2021 18:00,19.7
24.05.2021 21:00,16.5
25.05.2021 00:00,11.7
25.05.2021 03:00,9.5
25.05.2021 06:00,12.2
25.05.2021 09:00,16.4
25.05.2021 12:00,19.4
25.05.2021 15:00,20.5
25.05.2021 18:00,20.3
25.05.2021 21:00,15.8
26.05.2021 00:00,12.1
26.05.2021 03:00,9.8
26.05.2021 06:00,11.5
26.05.2021 09:00,20.7
26.05.2021 12:00,22.5
26.05.2021 15:00,23.6
26.05.2021 18:00,22.6
26.05.2021 21:00,19.4
27.05.2021 00:00,16.8
27.05.2021 03:00,14.8
27.05.2021 06:00,14.6
27.05.2021 09:00,16.7
27.05.2021 12:00,18.5
27.05.2021 15:00,20.0
27.05.2021 18:00,19.7
27.05.2021 21:00,17.4
28.05.2021 00:00,16.5
28.05.2021 03:00,15.6
28.05.2021 06:00,16.5
28.05.2021 09:00,17.4
28.05.2021 12:00,21.5
28.05.2021 15:00,22.4
28.05.2021 18:00,20.9
28.05.2021 21:00,18.3
29.05.2021 00:00,17.2
29.05.2021 03:00,14.4
29.05.2021 06:00,15.5
29.05.2021 09:00,19.4
29.05.2021 12:00,14.9
29.05.2021 15:00,14.1
29.05.2021 18:00,11.6
29.05.2021 21:00,11.2
30.05.2021 00:00,11.0
30.05.2021 03:00,9.3
30.05.2021 06:00,7.4
30.05.2021 09:00,8.2
30.05.2021 12:00,12.3
30.05.2021 15:00,13.9
30.05.2021 18:00,13.2
30.05.2021 21:00,11.4
31.05.2021 00:00,9.2
31.05.2021 03:00,7.7
31.05.2021 06:00,7.2
31.05.2021 09:00,8.8
31.05.2021 12:00,11.4
31.05.2021 15:00,13.0
31.05.2021 18:00,12.1
31.05.2021 21:00,10.8
01.06.2021 00:00,6.6
01.06.2021 03:00,4.2
01.06.2021 06:00,7.5
01.06.2021 09:00,12.7
01.06.2021 12:00,14.8
01.06.2021 15:00,16.5
01.06.2021 18:00,16.6
01.06.2021 21:00,14.6
02.06.2021 00:00,9.7
02.06.2021 03:00,7.0
02.06.2021 06:00,9.9
02.06.2021 09:00,17.3
02.06.2021 12:00,19.2
02.06.2021 15:00,20.6
02.06.2021 18:00,19.2
02.06.2021 21:00,16.6
03.06.2021 00:00,12.4
03.06.2021 03:00,10.0
03.06.2021 06:00,11.3
03.06.2021 09:00,16.6
03.06.2021 12:00,18.6
03.06.2021 15:00,20.4
03.06.2021 18:00,20.2
03.06.2021 21:00,17.3
04.06.2021 00:00,12.4
04.06.2021 03:00,10.4
04.06.2021 06:00,12.9
04.06.2021 09:00,17.9
04.06.2021 12:00,20.1
04.06.2021 15:00,22.9
04.06.2021 18:00,22.0
04.06.2021 21:00,19.1
05.06.2021 00:00,17.5
05.06.2021 03:00,12.1
05.06.2021 06:00,13.8
05.06.2021 09:00,20.4
05.06.2021 12:00,22.6
05.06.2021 15:00,21.6
05.06.2021 18:00,20.1
05.06.2021 21:00,18.9
06.06.2021 00:00,13.8
06.06.2021 03:00,11.4
06.06.2021 06:00,14.2
06.06.2021 09:00,19.5
06.06.2021 12:00,21.5
06.06.2021 15:00,23.0
06.06.2021 18:00,18.6
06.06.2021 21:00,18.5
07.06.2021 00:00,14.9
07.06.2021 03:00,15.1
07.06.2021 06:00,15.7
07.06.2021 09:00,17.9
07.06.2021 12:00,20.5
07.06.2021 15:00,20.8
07.06.2021 18:00,18.7
07.06.2021 21:00,17.4
08.06.2021 00:00,15.4
08.06.2021 03:00,15.0
08.06.2021 06:00,14.2
08.06.2021 09:00,18.1
08.06.2021 12:00,21.5
08.06.2021 15:00,20.3
08.06.2021 18:00,17.6
08.06.2021 21:00,17.0
09.06.2021 00:00,14.5
09.06.2021 03:00,15.7
09.06.2021 06:00,15.7
09.06.2021 09:00,16.8
09.06.2021 12:00,18.2
09.06.2021 15:00,19.0
09.06.2021 18:00,18.0
09.06.2021 21:00,17.7
10.06.2021 00:00,16.2
10.06.2021 03:00,15.1
10.06.2021 06:00,13.7
10.06.2021 09:00,13.1
10.06.2021 12:00,13.1
10.06.2021 15:00,14.4
10.06.2021 18:00,15.4
10.06.2021 21:00,13.9
11.06.2021 00:00,13.2
11.06.2021 03:00,13.1
11.06.2021 06:00,13.0
11.06.2021 09:00,13.3
11.06.2021 12:00,14.7
11.06.2021 15:00,16.5
11.06.2021 18:00,17.4
11.06.2021 21:00,17.1
12.06.2021 00:00,14.9
12.06.2021 03:00,14.6
12.06.2021 06:00,14.8
12.06.2021 09:00,16.4
12.06.2021 12:00,19.6
12.06.2021 15:00,20.6
12.06.2021 18:00,21.7
12.06.2021 21:00,19.3
13.06.2021 00:00,17.3
13.06.2021 03:00,14.2
13.06.2021 06:00,15.9
13.06.2021 09:00,20.9
13.06.2021 12:00,23.1
13.06.2021 15:00,24.9
13.06.2021 18:00,24.4
13.06.2021 21:00,20.1
14.06.2021 00:00,18.2
14.06.2021 03:00,14.5
14.06.2021 06:00,17.2
14.06.2021 09:00,23.3
14.06.2021 12:00,25.4
14.06.2021 15:00,26.4
14.06.2021 18:00,26.6
14.06.2021 21:00,22.9
15.06.2021 00:00,17.6
15.06.2021 03:00,16.0
15.06.2021 06:00,18.7
15.06.2021 09:00,24.1
15.06.2021 12:00,26.8
15.06.2021 15:00,21.8
15.06.2021 18:00,21.8
15.06.2021 21:00,18.1
16.06.2021 00:00,18.2
16.06.2021 03:00,16.1
16.06.2021 06:00,17.5
16.06.2021 09:00,20.6
16.06.2021 12:00,22.1
16.06.2021 15:00,23.8
16.06.2021 18:00,22.8
16.06.2021 21:00,20.0
17.06.2021 00:00,14.7
17.06.2021 03:00,12.1
17.06.2021 06:00,14.7
17.06.2021 09:00,20.3
17.06.2021 12:00,22.9
17.06.2021 15:00,24.1
17.06.2021 18:00,24.0
17.06.2021 21:00,21.3
18.06.2021 00:00,14.4
18.06.2021 03:00,12.7
18.06.2021 06:00,15.4
18.06.2021 09:00,23.3
18.06.2021 12:00,25.2
18.06.2021 15:00,27.4
18.06.2021 18:00,26.4
18.06.2021 21:00,22.4
19.06.2021 00:00,18.9
19.06.2021 03:00,16.9
19.06.2021 06:00,18.4
19.06.2021 09:00,24.5
19.06.2021 12:00,27.0
19.06.2021 15:00,28.4
19.06.2021 18:00,28.6
19.06.2021 21:00,23.2
20.06.2021 00:00,20.4
20.06.2021 03:00,16.6
20.06.2021 06:00,18.8
20.06.2021 09:00,26.5
20.06.2021 12:00,28.3
20.06.2021 15:00,30.3
20.06.2021 18:00,29.9
20.06.2021 21:00,25.4
21.06.2021 00:00,21.5
21.06.2021 03:00,19.5
21.06.2021 06:00,20.8
21.06.2021 09:00,27.4
21.06.2021 12:00,30.2
21.06.2021 15:00,30.8
21.06.2021 18:00,29.7
21.06.2021 21:00,25.5
22.06.2021 00:00,19.8
22.06.2021 03:00,18.2
22.06.2021 06:00,20.7
22.06.2021 09:00,29.5
22.06.2021 12:00,31.9
22.06.2021 15:00,33.6
22.06.2021 18:00,32.5
22.06.2021 21:00,26.8
23.06.2021 00:00,23.0
23.06.2021 03:00,20.0
23.06.2021 06:00,22.1
23.06.2021 09:00,30.7
23.06.2021 12:00,32.8
23.06.2021 15:00,34.3
23.06.2021 18:00,32.7
23.06.2021 21:00,27.0
24.06.2021 00:00,23.0
24.06.2021 03:00,21.1
24.06.2021 06:00,23.5
24.06.2021 09:00,31.6
24.06.2021 12:00,33.3
24.06.2021 15:00,34.4
24.06.2021 18:00,33.3
24.06.2021 21:00,28.3
25.06.2021 00:00,24.8
25.06.2021 03:00,22.0
25.06.2021 06:00,24.6
25.06.2021 09:00,29.8
25.06.2021 12:00,28.4
25.06.2021 15:00,31.3
25.06.2021 18:00,31.6
25.06.2021 21:00,27.3
26.06.2021 00:00,24.8
26.06.2021 03:00,21.9
26.06.2021 06:00,22.3
26.06.2021 09:00,28.8
26.06.2021 12:00,30.4
26.06.2021 15:00,32.6
26.06.2021 18:00,32.7
26.06.2021 21:00,27.3
27.06.2021 00:00,24.5
27.06.2021 03:00,21.9
27.06.2021 06:00,24.1
27.06.2021 09:00,31.0
27.06.2021 12:00,31.7
27.06.2021 15:00,32.0
27.06.2021 18:00,21.6
27.06.2021 21:00,21.8
28.06.2021 00:00,21.1
28.06.2021 03:00,20.2
28.06.2021 06:00,21.5
28.06.2021 09:00,25.5
28.06.2021 12:00,29.5
28.06.2021 15:00,20.8
28.06.2021 18:00,22.0
28.06.2021 21:00,22.2
29.06.2021 00:00,21.0
29.06.2021 03:00,19.2
29.06.2021 06:00,18.8
29.06.2021 09:00,20.0
29.06.2021 12:00,20.4
29.06.2021 15:00,20.3
29.06.2021 18:00,19.1
29.06.2021 21:00,17.9
30.06.2021 00:00,17.3
30.06.2021 03:00,15.4
30.06.2021 06:00,16.0
30.06.2021 09:00,19.5
30.06.2021 12:00,19.9
30.06.2021 15:00,19.4
30.06.2021 18:00,18.0
30.06.2021 21:00,18.0
01.07.2021 00:00,17.8
01.07.2021 03:00,18.1
01.07.2021 06:00,18.2
01.07.2021 09:00,20.9
01.07.2021 12:00,21.2
01.07.2021 15:00,24.1
01.07.2021 18:00,23.1
01.07.2021 21:00,21.6
02.07.2021 00:00,18.1
02.07.2021 03:00,18.2
02.07.2021 06:00,17.5
02.07.2021 09:00,18.9
02.07.2021 12:00,21.1
02.07.2021 15:00,22.0
02.07.2021 18:00,21.5
02.07.2021 21:00,18.2
03.07.2021 00:00,17.2
03.07.2021 03:00,16.7
03.07.2021 06:00,17.2
03.07.2021 09:00,19.4
03.07.2021 12:00,20.3
03.07.2021 15:00,20.6
03.07.2021 18:00,21.1
03.07.2021 21:00,19.1
04.07.2021 00:00,16.6
04.07.2021 03:00,17.4
04.07.2021 06:00,17.0
04.07.2021 09:00,17.5
04.07.2021 12:00,19.9
04.07.2021 15:00,20.6
04.07.2021 18:00,23.5
04.07.2021 21:00,19.5
05.07.2021 00:00,20.3
05.07.2021 03:00,18.0
05.07.2021 06:00,16.7
05.07.2021 09:00,22.7
05.07.2021 12:00,24.7
05.07.2021 15:00,26.0
05.07.2021 18:00,25.5
05.07.2021 21:00,23.0
06.07.2021 00:00,18.3
06.07.2021 03:00,15.5
06.07.2021 06:00,17.4
06.07.2021 09:00,24.0
06.07.2021 12:00,25.7
06.07.2021 15:00,27.9
06.07.2021 18:00,27.8
06.07.2021 21:00,23.7
07.07.2021 00:00,17.0
07.07.2021 03:00,14.5
07.07.2021 06:00,17.5
07.07.2021 09:00,25.7
07.07.2021 12:00,27.2
07.07.2021 15:00,28.7
07.07.2021 18:00,28.8
07.07.2021 21:00,23.2
08.07.2021 00:00,18.9
08.07.2021 03:00,16.6
08.07.2021 06:00,18.7
08.07.2021 09:00,27.0
08.07.2021 12:00,27.3
08.07.2021 15:00,30.1
08.07.2021 18:00,29.8
08.07.2021 21:00,24.3
09.07.2021 00:00,20.6
09.07.2021 03:00,18.2
09.07.2021 06:00,19.6
09.07.2021 09:00,28.4
09.07.2021 12:00,30.2
09.07.2021 15:00,31.4
09.07.2021 18:00,30.5
09.07.2021 21:00,25.5
10.07.2021 00:00,22.4
10.07.2021 03:00,20.8
10.07.2021 06:00,23.7
10.07.2021 09:00,28.7
10.07.2021 12:00,31.8
10.07.2021 15:00,31.8
10.07.2021 18:00,29.4
10.07.2021 21:00,27.3
11.07.2021 00:00,22.9
11.07.2021 03:00,21.9
11.07.2021 06:00,23.1
11.07.2021 09:00,28.8
11.07.2021 12:00,30.5
11.07.2021 15:00,31.0
11.07.2021 18:00,30.1
11.07.2021 21:00,27.3
12.07.2021 00:00,21.2
12.07.2021 03:00,19.5
12.07.2021 06:00,20.6
12.07.2021 09:00,26.3
12.07.2021 12:00,29.3
12.07.2021 15:00,31.1
12.07.2021 18:00,30.8
12.07.2021 21:00,26.1
13.07.2021 00:00,21.0
13.07.2021 03:00,19.0
13.07.2021 06:00,21.0
13.07.2021 09:00,29.5
13.07.2021 12:00,31.9
13.07.2021 15:00,32.7
13.07.2021 18:00,32.6
13.07.2021 21:00,26.7
14.07.2021 00:00,23.3
14.07.2021 03:00,21.5
14.07.2021 06:00,22.6
14.07.2021 09:00,30.2
14.07.2021 12:00,32.6
14.07.2021 15:00,32.6
14.07.2021 18:00,31.0
14.07.2021 21:00,24.4
15.07.2021 00:00,21.3
15.07.2021 03:00,19.8
15.07.2021 06:00,21.1
15.07.2021 09:00,26.5
15.07.2021 12:00,31.0
15.07.2021 15:00,19.9
15.07.2021 18:00,20.0
15.07.2021 21:00,20.1
16.07.2021 00:00,19.6
16.07.2021 03:00,18.5
16.07.2021 06:00,19.7
16.07.2021 09:00,27.5
16.07.2021 12:00,30.3
16.07.2021 15:00,31.5
16.07.2021 18:00,31.0
16.07.2021 21:00,25.3
17.07.2021 00:00,23.0
17.07.2021 03:00,21.0
17.07.2021 06:00,21.8
17.07.2021 09:00,28.2
17.07.2021 12:00,30.9
17.07.2021 15:00,21.2
17.07.2021 18:00,26.4
17.07.2021 21:00,22.5
18.07.2021 00:00,20.7
18.07.2021 03:00,19.3
18.07.2021 06:00,20.1
18.07.2021 09:00,27.3
18.07.2021 12:00,28.8
18.07.2021 15:00,29.5
18.07.2021 18:00,22.1
18.07.2021 21:00,21.5
19.07.2021 00:00,20.3
19.07.2021 03:00,19.6
19.07.2021 06:00,20.5
19.07.2021 09:00,23.0
19.07.2021 12:00,26.0
19.07.2021 15:00,29.2
19.07.2021 18:00,26.7
19.07.2021 21:00,23.5
20.07.2021 00:00,20.4
20.07.2021 03:00,20.3
20.07.2021 06:00,19.9
20.07.2021 09:00,23.7
20.07.2021 12:00,25.0
20.07.2021 15:00,26.1
20.07.2021 18:00,24.9
20.07.2021 21:00,20.7
21.07.2021 00:00,17.9
21.07.2021 03:00,16.1
21.07.2021 06:00,17.3
21.07.2021 09:00,20.7
21.07.2021 12:00,23.3
21.07.2021 15:00,24.0
21.07.2021 18:00,24.3
21.07.2021 21:00,19.3
22.07.2021 00:00,16.8
22.07.2021 03:00,15.0
22.07.2021 06:00,14.0
22.07.2021 09:00,17.7
22.07.2021 12:00,20.2
22.07.2021 15:00,21.5
22.07.2021 18:00,20.3
22.07.2021 21:00,17.3
23.07.2021 00:00,14.9
23.07.2021 03:00,14.1
23.07.2021 06:00,14.2
23.07.2021 09:00,17.9
23.07.2021 12:00,21.7
23.07.2021 15:00,18.9
23.07.2021 18:00,19.3
23.07.2021 21:00,17.4
24.07.2021 00:00,15.6
24.07.2021 03:00,14.1
24.07.2021 06:00,14.4
24.07.2021 09:00,16.7
24.07.2021 12:00,20.1
24.07.2021 15:00,19.8
24.07.2021 18:00,21.0
24.07.2021 21:00,16.6
25.07.2021 00:00,14.1
25.07.2021 03:00,12.1
25.07.2021 06:00,14.7
25.07.2021 09:00,19.8
25.07.2021 12:00,21.6
25.07.2021 15:00,22.8
25.07.2021 18:00,22.0
25.07.2021 21:00,18.0
26.07.2021 00:00,14.2
26.07.2021 03:00,12.8
26.07.2021 06:00,14.2
26.07.2021 09:00,23.1
26.07.2021 12:00,24.3
26.07.2021 15:00,26.2
26.07.2021 18:00,25.5
26.07.2021 21:00,20.6
27.07.2021 00:00,16.7
27.07.2021 03:00,14.6
27.07.2021 06:00,15.1
27.07.2021 09:00,24.9
27.07.2021 12:00,27.5
27.07.2021 15:00,27.9
27.07.2021 18:00,28.6
27.07.2021 21:00,21.9
28.07.2021 00:00,18.9
28.07.2021 03:00,16.2
28.07.2021 06:00,17.8
28.07.2021 09:00,22.7
28.07.2021 12:00,22.2
28.07.2021 15:00,22.0
28.07.2021 18:00,20.2
28.07.2021 21:00,18.6
29.07.2021 00:00,18.9
29.07.2021 03:00,18.5
29.07.2021 06:00,18.5
29.07.2021 09:00,19.1
29.07.2021 12:00,22.7
29.07.2021 15:00,25.2
29.07.2021 18:00,25.7
29.07.2021 21:00,21.4
30.07.2021 00:00,19.3
30.07.2021 03:00,18.7
30.07.2021 06:00,19.2
30.07.2021 09:00,22.0
30.07.2021 12:00,21.1
30.07.2021 15:00,25.1
30.07.2021 18:00,24.3
30.07.2021 21:00,20.4
31.07.2021 00:00,19.8
31.07.2021 03:00,18.1
31.07.2021 06:00,17.6
31.07.2021 09:00,22.7
31.07.2021 12:00,24.9
31.07.2021 15:00,25.8
31.07.2021 18:00,25.0
31.07.2021 21:00,20.9
01.08.2021 00:00,18.2
01.08.2021 03:00,16.8
01.08.2021 06:00,16.2
01.08.2021 09:00,24.4
01.08.2021 12:00,25.2
01.08.2021 15:00,22.2
01.08.2021 18:00,24.3
01.08.2021 21:00,22.0
02.08.2021 00:00,18.6
02.08.2021 03:00,18.1
02.08.2021 06:00,18.2
02.08.2021 09:00,24.2
02.08.2021 12:00,22.0
02.08.2021 15:00,27.5
02.08.2021 18:00,29.7
02.08.2021 21:00,27.8
03.08.2021 00:00,19.4
03.08.2021 03:00,18.9
03.08.2021 06:00,17.4
03.08.2021 09:00,19.5
03.08.2021 12:00,22.2
03.08.2021 15:00,22.8
03.08.2021 18:00,22.4
03.08.2021 21:00,19.2
04.08.2021 00:00,16.7
04.08.2021 03:00,15.2
04.08.2021 06:00,14.3
04.08.2021 09:00,20.1
04.08.2021 12:00,23.3
04.08.2021 15:00,21.9
04.08.2021 18:00,20.6
04.08.2021 21:00,16.0
05.08.2021 00:00,14.4
05.08.2021 03:00,13.1
05.08.2021 06:00,12.9
05.08.2021 09:00,19.8
05.08.2021 12:00,22.5
05.08.2021 15:00,20.3
05.08.2021 18:00,17.9
05.08.2021 21:00,16.6
06.08.2021 00:00,16.5
06.08.2021 03:00,15.6
06.08.2021 06:00,15.1
06.08.2021 09:00,17.8
06.08.2021 12:00,28.0
06.08.2021 15:00,19.6
06.08.2021 18:00,19.0
06.08.2021 21:00,18.4
07.08.2021 00:00,17.8
07.08.2021 03:00,17.7
07.08.2021 06:00,18.2
07.08.2021 09:00,20.8
07.08.2021 12:00,23.9
07.08.2021 15:00,25.1
07.08.2021 18:00,21.8
07.08.2021 21:00,20.5
08.08.2021 00:00,19.8
08.08.2021 03:00,19.0
08.08.2021 06:00,18.9
08.08.2021 09:00,20.8
08.08.2021 12:00,21.3
08.08.2021 15:00,23.2
08.08.2021 18:00,23.3
08.08.2021 21:00,20.2
09.08.2021 00:00,18.2
09.08.2021 03:00,17.2
09.08.2021 06:00,16.7
09.08.2021 09:00,23.0
09.08.2021 12:00,26.1
09.08.2021 15:00,28.3
09.08.2021 18:00,28.5
09.08.2021 21:00,22.8
10.08.2021 00:00,21.0
10.08.2021 03:00,20.4
10.08.2021 06:00,20.4
10.08.2021 09:00,24.3
10.08.2021 12:00,28.1
10.08.2021 15:00,25.1
10.08.2021 18:00,23.2
10.08.2021 21:00,22.2
11.08.2021 00:00,21.8
11.08.2021 03:00,21.8
11.08.2021 06:00,20.1
11.08.2021 09:00,20.7
11.08.2021 12:00,20.1
11.08.2021 15:00,20.2
11.08.2021 18:00,20.6
11.08.2021 21:00,19.6
12.08.2021 00:00,18.3
12.08.2021 03:00,18.2
12.08.2021 06:00,18.3
12.08.2021 09:00,19.4
12.08.2021 12:00,20.9
12.08.2021 15:00,20.9
12.08.2021 18:00,21.7
12.08.2021 21:00,19.7
13.08.2021 00:00,17.4
13.08.2021 03:00,16.4
13.08.2021 06:00,15.6
13.08.2021 09:00,16.8
13.08.2021 12:00,19.1
13.08.2021 15:00,21.1
13.08.2021 18:00,21.8
13.08.2021 21:00,18.2
14.08.2021 00:00,16.2
14.08.2021 03:00,14.2
14.08.2021 06:00,14.2
14.08.2021 09:00,19.9
14.08.2021 12:00,22.9
14.08.2021 15:00,24.4
14.08.2021 18:00,23.4
14.08.2021 21:00,18.6
15.08.2021 00:00,15.5
15.08.2021 03:00,14.1
15.08.2021 06:00,13.9
15.08.2021 09:00,21.8
15.08.2021 12:00,24.3
15.08.2021 15:00,26.2
15.08.2021 18:00,25.5
15.08.2021 21:00,23.3
16.08.2021 00:00,22.5
16.08.2021 03:00,19.2
16.08.2021 06:00,16.8
16.08.2021 09:00,23.2
16.08.2021 12:00,26.3
16.08.2021 15:00,27.6
16.08.2021 18:00,26.6
16.08.2021 21:00,21.0
17.08.2021 00:00,18.3
17.08.2021 03:00,17.4
17.08.2021 06:00,19.6
17.08.2021 09:00,21.0
17.08.2021 12:00,27.6
17.08.2021 15:00,30.1
17.08.2021 18:00,29.2
17.08.2021 21:00,22.9
18.08.2021 00:00,21.2
18.08.2021 03:00,19.7
18.08.2021 06:00,19.2
18.08.2021 09:00,26.1
18.08.2021 12:00,30.0
18.08.2021 15:00,30.6
18.08.2021 18:00,19.2
18.08.2021 21:00,19.4
19.08.2021 00:00,18.7
19.08.2021 03:00,18.5
19.08.2021 06:00,18.7
19.08.2021 09:00,22.2
19.08.2021 12:00,22.4
19.08.2021 15:00,23.6
19.08.2021 18:00,21.9
19.08.2021 21:00,18.7
20.08.2021 00:00,18.3
20.08.2021 03:00,17.2
20.08.2021 06:00,15.6
20.08.2021 09:00,20.0
20.08.2021 12:00,22.9
20.08.2021 15:00,24.9
20.08.2021 18:00,24.1
20.08.2021 21:00,21.3
21.08.2021 00:00,20.5
21.08.2021 03:00,19.0
21.08.2021 06:00,18.4
21.08.2021 09:00,18.8
21.08.2021 12:00,20.9
21.08.2021 15:00,20.2
21.08.2021 18:00,18.8
21.08.2021 21:00,17.9
22.08.2021 00:00,17.6
22.08.2021 03:00,15.5
22.08.2021 06:00,13.9
22.08.2021 09:00,15.7
22.08.2021 12:00,16.2
22.08.2021 15:00,19.5
22.08.2021 18:00,19.6
22.08.2021 21:00,15.2
23.08.2021 00:00,13.3
23.08.2021 03:00,12.0
23.08.2021 06:00,10.8
23.08.2021 09:00,17.5
23.08.2021 12:00,18.2
23.08.2021 15:00,20.2
23.08.2021 18:00,20.0
23.08.2021 21:00,16.1
24.08.2021 00:00,13.1
24.08.2021 03:00,11.1
24.08.2021 06:00,11.2
24.08.2021 09:00,17.0
24.08.2021 12:00,18.1
24.08.2021 15:00,19.3
24.08.2021 18:00,17.1
24.08.2021 21:00,14.0
25.08.2021 00:00,12.2
25.08.2021 03:00,10.0
25.08.2021 06:00,8.3
25.08.2021 09:00,13.5
25.08.2021 12:00,17.0
25.08.2021 15:00,19.2
25.08.2021 18:00,18.4
25.08.2021 21:00,17.2
26.08.2021 00:00,15.3
26.08.2021 03:00,13.8
26.08.2021 06:00,13.2
26.08.2021 09:00,15.4
26.08.2021 12:00,18.7
26.08.2021 15:00,19.3
26.08.2021 18:00,18.0
26.08.2021 21:00,18.0
27.08.2021 00:00,16.7
27.08.2021 03:00,15.8
27.08.2021 06:00,15.4
27.08.2021 09:00,17.2
27.08.2021 12:00,20.5
27.08.2021 15:00,22.0
27.08.2021 18:00,20.0
27.08.2021 21:00,17.0
28.08.2021 00:00,16.0
28.08.2021 03:00,14.4
28.08.2021 06:00,13.4
28.08.2021 09:00,16.2
28.08.2021 12:00,19.6
28.08.2021 15:00,21.0
28.08.2021 18:00,19.9
28.08.2021 21:00,17.9
29.08.2021 00:00,16.3
29.08.2021 03:00,14.7
29.08.2021 06:00,13.6
29.08.2021 09:00,16.4
29.08.2021 12:00,20.8
29.08.2021 15:00,21.1
29.08.2021 18:00,22.7
29.08.2021 21:00,18.7
30.08.2021 00:00,17.0
30.08.2021 03:00,16.5
30.08.2021 06:00,16.0
30.08.2021 09:00,17.0
30.08.2021 12:00,19.8
30.08.2021 15:00,22.8
30.08.2021 18:00,21.6
30.08.2021 21:00,19.6
31.08.2021 00:00,18.4
31.08.2021 03:00,17.6
31.08.2021 06:00,16.9
31.08.2021 09:00,16.9
31.08.2021 12:00,20.1
31.08.2021 15:00,24.8
31.08.2021 18:00,25.2
31.08.2021 21:00,21.7
01.09.2021 00:00,19.9
01.09.2021 03:00,16.8
01.09.2021 06:00,16.4
01.09.2021 09:00,17.8
01.09.2021 12:00,19.9
01.09.2021 15:00,18.9
01.09.2021 18:00,14.3
01.09.2021 21:00,13.0
02.09.2021 00:00,11.0
02.09.2021 03:00,11.3
02.09.2021 06:00,11.3
02.09.2021 09:00,11.9
02.09.2021 12:00,13.4
02.09.2021 15:00,11.8
02.09.2021 18:00,13.3
02.09.2021 21:00,11.1
03.09.2021 00:00,8.2
03.09.2021 03:00,5.7
03.09.2021 06:00,5.6
03.09.2021 09:00,9.9
03.09.2021 12:00,10.4
03.09.2021 15:00,11.6
03.09.2021 18:00,8.5
03.09.2021 21:00,8.2
04.09.2021 00:00,7.2
04.09.2021 03:00,7.2
04.09.2021 06:00,6.7
04.09.2021 09:00,7.2
04.09.2021 12:00,8.6
04.09.2021 15:00,10.6
04.09.2021 18:00,10.6
04.09.2021 21:00,7.7
05.09.2021 00:00,6.5
05.09.2021 03:00,6.3
05.09.2021 06:00,6.1
05.09.2021 09:00,6.7
05.09.2021 12:00,8.2
05.09.2021 15:00,9.9
05.09.2021 18:00,8.6
05.09.2021 21:00,5.8
06.09.2021 00:00,6.9
06.09.2021 03:00,6.4
06.09.2021 06:00,4.3
06.09.2021 09:00,9.0
06.09.2021 12:00,11.4
06.09.2021 15:00,12.9
06.09.2021 18:00,10.9
06.09.2021 21:00,9.5
07.09.2021 00:00,6.7
07.09.2021 03:00,7.6
07.09.2021 06:00,8.2
07.09.2021 09:00,10.3
07.09.2021 12:00,12.0
07.09.2021 15:00,12.3
07.09.2021 18:00,12.6
07.09.2021 21:00,11.5
08.09.2021 00:00,11.8
08.09.2021 03:00,11.6
08.09.2021 06:00,10.9
08.09.2021 09:00,12.6
08.09.2021 12:00,13.0
08.09.2021 15:00,14.5
08.09.2021 18:00,14.4
08.09.2021 21:00,14.1
09.09.2021 00:00,13.7
09.09.2021 03:00,14.1
09.09.2021 06:00,13.8
09.09.2021 09:00,14.6
09.09.2021 12:00,17.3
09.09.2021 15:00,17.7
09.09.2021 18:00,17.5
09.09.2021 21:00,16.3
10.09.2021 00:00,14.7
10.09.2021 03:00,13.6
10.09.2021 06:00,14.1
10.09.2021 09:00,16.5
10.09.2021 12:00,18.3
10.09.2021 15:00,19.6
10.09.2021 18:00,15.5
10.09.2021 21:00,13.8
11.09.2021 00:00,12.4
11.09.2021 03:00,11.4
11.09.2021 06:00,10.0
11.09.2021 09:00,14.2
11.09.2021 12:00,16.7
11.09.2021 15:00,17.0
11.09.2021 18:00,16.9
11.09.2021 21:00,14.5
12.09.2021 00:00,13.5
12.09.2021 03:00,13.3
12.09.2021 06:00,12.0
12.09.2021 09:00,16.5
12.09.2021 12:00,20.0
12.09.2021 15:00,19.6
12.09.2021 18:00,17.9
12.09.2021 21:00,16.0
13.09.2021 00:00,14.9
13.09.2021 03:00,14.0
13.09.2021 06:00,14.1
13.09.2021 09:00,17.3
13.09.2021 12:00,22.5
13.09.2021 15:00,21.7
13.09.2021 18:00,19.8
13.09.2021 21:00,17.4
14.09.2021 00:00,16.2
14.09.2021 03:00,15.0
14.09.2021 06:00,11.3
14.09.2021 09:00,11.7
14.09.2021 12:00,11.7
14.09.2021 15:00,12.4
14.09.2021 18:00,11.9
14.09.2021 21:00,10.7
15.09.2021 00:00,9.7
15.09.2021 03:00,8.7
15.09.2021 06:00,8.7
15.09.2021 09:00,8.4
15.09.2021 12:00,9.4
15.09.2021 15:00,12.0
15.09.2021 18:00,11.5
15.09.2021 21:00,8.9
16.09.2021 00:00,7.6
16.09.2021 03:00,7.0
16.09.2021 06:00,5.9
16.09.2021 09:00,7.5
16.09.2021 12:00,8.7
16.09.2021 15:00,9.3
16.09.2021 18:00,8.4
16.09.2021 21:00,7.5
17.09.2021 00:00,6.9
17.09.2021 03:00,6.6
17.09.2021 06:00,6.2
17.09.2021 09:00,7.0
17.09.2021 12:00,8.0
17.09.2021 15:00,7.7
17.09.2021 18:00,7.3
17.09.2021 21:00,3.4
18.09.2021 00:00,5.3
18.09.2021 06:00,1.8
18.09.2021 09:00,5.7
18.09.2021 12:00,8.6
18.09.2021 15:00,9.4
18.09.2021 18:00,8.4
18.09.2021 21:00,6.6
19.09.2021 00:00,5.4
19.09.2021 03:00,4.8
19.09.2021 06:00,4.4
19.09.2021 09:00,5.2
19.09.2021 12:00,7.7
19.09.2021 15:00,8.3
19.09.2021 18:00,7.9
19.09.2021 21:00,5.8
20.09.2021 00:00,5.2
20.09.2021 03:00,4.7
20.09.2021 06:00,4.7
20.09.2021 09:00,5.0
20.09.2021 12:00,5.8
20.09.2021 15:00,6.3
20.09.2021 18:00,6.5
20.09.2021 21:00,6.2
21.09.2021 00:00,5.9
21.09.2021 03:00,6.0
21.09.2021 06:00,6.3
21.09.2021 09:00,6.7
21.09.2021 12:00,6.9
21.09.2021 15:00,6.8
21.09.2021 18:00,6.5
21.09.2021 21:00,6.2
22.09.2021 00:00,6.2
22.09.2021 03:00,5.9
22.09.2021 06:00,5.3
22.09.2021 09:00,5.8
22.09.2021 12:00,6.9
22.09.2021 15:00,7.5
22.09.2021 18:00,7.4
22.09.2021 21:00,7.5
23.09.2021 00:00,7.4
23.09.2021 03:00,7.5
23.09.2021 06:00,7.8
23.09.2021 09:00,9.0
23.09.2021 12:00,10.2
23.09.2021 15:00,11.0
23.09.2021 18:00,10.2
23.09.2021 21:00,9.0
24.09.2021 00:00,8.5
24.09.2021 03:00,8.5
24.09.2021 06:00,7.7
24.09.2021 09:00,8.5
24.09.2021 12:00,8.9
24.09.2021 15:00,10.7
24.09.2021 18:00,10.5
24.09.2021 21:00,10.0
25.09.2021 00:00,9.2
25.09.2021 03:00,8.2
25.09.2021 06:00,8.5
25.09.2021 09:00,9.0
25.09.2021 12:00,9.5
25.09.2021 15:00,10.3
25.09.2021 18:00,9.5
25.09.2021 21:00,9.5
26.09.2021 00:00,9.7
26.09.2021 03:00,9.8
26.09.2021 06:00,9.3
26.09.2021 09:00,9.5
26.09.2021 12:00,10.1
26.09.2021 15:00,10.9
26.09.2021 18:00,11.0
26.09.2021 21:00,9.7
27.09.2021 00:00,9.7
27.09.2021 03:00,9.6
27.09.2021 06:00,9.3
27.09.2021 09:00,9.5
27.09.2021 12:00,10.0
27.09.2021 15:00,10.0
27.09.2021 18:00,9.4
27.09.2021 21:00,8.6
28.09.2021 00:00,8.6
28.09.2021 03:00,7.9
28.09.2021 06:00,6.9
28.09.2021 09:00,6.6
28.09.2021 12:00,7.9
28.09.2021 15:00,9.4
28.09.2021 18:00,8.5
28.09.2021 21:00,4.3
29.09.2021 00:00,2.5
29.09.2021 03:00,1.4
29.09.2021 06:00,0.8
29.09.2021 09:00,5.3
29.09.2021 12:00,9.8
29.09.2021 15:00,9.4
29.09.2021 18:00,7.2
29.09.2021 21:00,6.0
30.09.2021 00:00,5.4
30.09.2021 03:00,5.1
30.09.2021 06:00,5.2
30.09.2021 09:00,5.4
30.09.2021 12:00,6.4
30.09.2021 15:00,6.5
30.09.2021 18:00,6.2
30.09.2021 21:00,6.3
01.10.2021 00:00,6.1
01.10.2021 03:00,6.1
01.10.2021 06:00,5.6
01.10.2021 09:00,5.7
01.10.2021 12:00,6.4
01.10.2021 15:00,6.3
01.10.2021 18:00,5.3
01.10.2021 21:00,4.9
02.10.2021 00:00,1.5
02.10.2021 03:00,4.5
02.10.2021 06:00,4.5
02.10.2021 09:00,6.1
02.10.2021 12:00,8.6
02.10.2021 15:00,9.3
02.10.2021 18:00,8.3
02.10.2021 21:00,4.1
03.10.2021 00:00,2.4
03.10.2021 03:00,1.1
03.10.2021 06:00,0.3
03.10.2021 09:00,6.1
03.10.2021 12:00,9.1
03.10.2021 15:00,10.6
03.10.2021 18:00,8.4
03.10.2021 21:00,5.2
04.10.2021 00:00,3.1
04.10.2021 03:00,2.8
04.10.2021 06:00,2.0
04.10.2021 09:00,6.4
04.10.2021 12:00,10.6
04.10.2021 15:00,11.0
04.10.2021 18:00,9.7
04.10.2021 21:00,5.7
05.10.2021 00:00,4.2
05.10.2021 03:00,3.2
05.10.2021 06:00,1.9
05.10.2021 09:00,5.1
05.10.2021 12:00,9.2
05.10.2021 15:00,10.4
05.10.2021 18:00,9.8
05.10.2021 21:00,9.3
06.10.2021 00:00,8.7
06.10.2021 03:00,8.1
06.10.2021 06:00,6.8
06.10.2021 09:00,9.0
06.10.2021 12:00,11.3
06.10.2021 15:00,12.0
06.10.2021 18:00,9.0
06.10.2021 21:00,4.4
07.10.2021 00:00,3.1
07.10.2021 03:00,1.5
07.10.2021 06:00,-0.1
07.10.2021 09:00,5.1
07.10.2021 12:00,10.7
07.10.2021 15:00,11.1
07.10.2021 18:00,7.3
07.10.2021 21:00,2.8
08.10.2021 00:00,1.5
08.10.2021 03:00,0.0
08.10.2021 06:00,-0.7
08.10.2021 09:00,4.2
08.10.2021 12:00,11.1
08.10.2021 15:00,11.7
08.10.2021 18:00,7.7
08.10.2021 21:00,2.6
09.10.2021 00:00,1.2
09.10.2021 03:00,0.2
09.10.2021 06:00,-1.0
09.10.2021 09:00,4.5
09.10.2021 12:00,11.0
09.10.2021 15:00,12.5
09.10.2021 18:00,8.6
09.10.2021 21:00,4.5
10.10.2021 00:00,2.0
10.10.2021 03:00,2.1
10.10.2021 06:00,0.9
10.10.2021 09:00,6.0
10.10.2021 12:00,12.0
10.10.2021 15:00,13.1
10.10.2021 18:00,9.1
10.10.2021 21:00,4.6
11.10.2021 00:00,2.4
11.10.2021 03:00,1.0
11.10.2021 06:00,-0.5
11.10.2021 09:00,4.6
11.10.2021 12:00,12.1
11.10.2021 15:00,12.4
11.10.2021 18:00,8.6
11.10.2021 21:00,6.9
12.10.2021 00:00,6.4
12.10.2021 03:00,4.8
12.10.2021 06:00,4.1
12.10.2021 09:00,7.3
12.10.2021 12:00,12.2
12.10.2021 15:00,12.8
12.10.2021 18:00,10.9
12.10.2021 21:00,9.3
13.10.2021 00:00,7.4
13.10.2021 03:00,7.7
13.10.2021 06:00,8.1
13.10.2021 09:00,7.9
13.10.2021 12:00,10.5
13.10.2021 15:00,13.8
13.10.2021 18:00,11.3
13.10.2021 21:00,10.4
14.10.2021 00:00,8.9
14.10.2021 03:00,8.8
14.10.2021 06:00,8.4
14.10.2021 09:00,7.9
14.10.2021 12:00,8.2
14.10.2021 15:00,7.7
14.10.2021 18:00,6.8
14.10.2021 21:00,6.7
15.10.2021 00:00,6.6
15.10.2021 03:00,6.4
15.10.2021 06:00,4.7
15.10.2021 09:00,5.0
15.10.2021 12:00,6.9
15.10.2021 15:00,8.2
15.10.2021 18:00,7.3
15.10.2021 21:00,8.1
16.10.2021 00:00,8.1
16.10.2021 03:00,8.4
16.10.2021 06:00,8.6
16.10.2021 09:00,9.3
16.10.2021 12:00,11.1
16.10.2021 15:00,11.3
16.10.2021 18:00,8.9
16.10.2021 21:00,8.0
17.10.2021 00:00,5.8
17.10.2021 03:00,5.3
17.10.2021 06:00,4.3
17.10.2021 09:00,5.4
17.10.2021 12:00,6.3
17.10.2021 15:00,7.8
17.10.2021 18:00,7.9
17.10.2021 21:00,6.6
18.10.2021 00:00,6.7
18.10.2021 03:00,7.1
18.10.2021 06:00,6.2
18.10.2021 09:00,5.8
18.10.2021 12:00,5.1
18.10.2021 15:00,6.1
18.10.2021 18:00,4.1
18.10.2021 21:00,3.4
19.10.2021 00:00,2.8
19.10.2021 03:00,3.1
19.10.2021 06:00,3.3
19.10.2021 09:00,3.1
19.10.2021 12:00,3.0
19.10.2021 15:00,4.4
19.10.2021 18:00,3.8
19.10.2021 21:00,2.5
20.10.2021 00:00,2.4
20.10.2021 03:00,1.2
20.10.2021 06:00,-0.4
20.10.2021 09:00,0.6
20.10.2021 12:00,2.6
20.10.2021 15:00,3.5
20.10.2021 18:00,3.4
20.10.2021 21:00,2.0
21.10.2021 00:00,3.5
21.10.2021 03:00,6.3
21.10.2021 06:00,8.4
21.10.2021 09:00,10.3
21.10.2021 12:00,11.4
21.10.2021 15:00,12.5
21.10.2021 18:00,13.0
21.10.2021 21:00,12.9
22.10.2021 00:00,12.4
22.10.2021 03:00,12.7
22.10.2021 06:00,12.5
22.10.2021 09:00,12.8
22.10.2021 12:00,12.8
22.10.2021 15:00,7.8
22.10.2021 18:00,8.8
22.10.2021 21:00,7.8
23.10.2021 00:00,6.8
23.10.2021 03:00,6.0
23.10.2021 06:00,6.6
23.10.2021 09:00,6.6
23.10.2021 12:00,7.8
23.10.2021 15:00,8.6
23.10.2021 18:00,6.1
23.10.2021 21:00,4.8
24.10.2021 00:00,4.2
24.10.2021 03:00,4.7
24.10.2021 06:00,4.3
24.10.2021 09:00,3.8
24.10.2021 12:00,3.8
24.10.2021 15:00,2.8
24.10.2021 18:00,1.8
24.10.2021 21:00,0.9
25.10.2021 00:00,0.1
25.10.2021 03:00,-1.0
25.10.2021 06:00,-2.3
25.10.2021 09:00,-1.1
25.10.2021 12:00,0.8
25.10.2021 15:00,2.6
25.10.2021 18:00,2.3
25.10.2021 21:00,2.7
26.10.2021 00:00,1.9
26.10.2021 03:00,0.9
26.10.2021 06:00,0.7
26.10.2021 09:00,1.8
26.10.2021 12:00,5.8
26.10.2021 15:00,7.8
26.10.2021 18:00,6.6
26.10.2021 21:00,5.9
27.10.2021 00:00,5.2
27.10.2021 03:00,4.4
27.10.2021 06:00,3.3
27.10.2021 09:00,3.9
27.10.2021 12:00,5.9
27.10.2021 15:00,6.4
27.10.2021 18:00,6.0
27.10.2021 21:00,6.1
28.10.2021 00:00,6.1
28.10.2021 03:00,6.3
28.10.2021 06:00,6.4
28.10.2021 09:00,6.8
28.10.2021 12:00,8.8
28.10.2021 15:00,10.7
28.10.2021 18:00,8.5
28.10.2021 21:00,7.1
29.10.2021 00:00,7.0
29.10.2021 03:00,5.8
29.10.2021 06:00,4.9
29.10.2021 09:00,6.9
29.10.2021 12:00,7.8
29.10.2021 15:00,9.3
29.10.2021 18:00,9.1
29.10.2021 21:00,9.9
30.10.2021 00:00,9.9
30.10.2021 03:00,9.8
30.10.2021 06:00,10.0
30.10.2021 09:00,10.5
30.10.2021 12:00,11.9
30.10.2021 15:00,12.9
30.10.2021 18:00,9.9
30.10.2021 21:00,8.6
31.10.2021 00:00,7.9
31.10.2021 03:00,7.5
31.10.2021 06:00,6.0
31.10.2021 09:00,5.9
31.10.2021 12:00,6.3
31.10.2021 15:00,7.1
31.10.2021 18:00,5.8
31.10.2021 21:00,5.8
01.11.2021 00:00,6.6
01.11.2021 03:00,5.6
01.11.2021 06:00,4.5
01.11.2021 09:00,4.5
01.11.2021 12:00,7.0
01.11.2021 15:00,8.9
01.11.2021 18:00,5.0
01.11.2021 21:00,1.8
02.11.2021 00:00,2.8
02.11.2021 03:00,2.5
02.11.2021 06:00,1.4
02.11.2021 09:00,0.8
02.11.2021 12:00,2.4
02.11.2021 15:00,2.5
02.11.2021 18:00,2.5
02.11.2021 21:00,1.9
03.11.2021 00:00,2.2
03.11.2021 03:00,2.8
03.11.2021 06:00,3.4
03.11.2021 09:00,4.1
03.11.2021 12:00,5.5
03.11.2021 15:00,6.2
03.11.2021 18:00,6.4
03.11.2021 21:00,7.3
04.11.2021 00:00,7.7
04.11.2021 03:00,7.5
04.11.2021 06:00,8.1
04.11.2021 09:00,8.7
04.11.2021 12:00,9.1
04.11.2021 15:00,9.9
04.11.2021 18:00,7.9
04.11.2021 21:00,6.6
05.11.2021 00:00,5.9
05.11.2021 03:00,6.5
05.11.2021 06:00,8.2
05.11.2021 09:00,10.1
05.11.2021 12:00,10.3
05.11.2021 15:00,10.5
05.11.2021 18:00,11.5
05.11.2021 21:00,12.2
06.11.2021 00:00,12.4
06.11.2021 03:00,12.0
06.11.2021 06:00,9.6
06.11.2021 09:00,7.9
06.11.2021 12:00,8.4
06.11.2021 15:00,7.2
06.11.2021 18:00,7.7
06.11.2021 21:00,7.5
07.11.2021 00:00,7.0
07.11.2021 03:00,6.2
07.11.2021 06:00,5.1
07.11.2021 09:00,4.7
07.11.2021 12:00,5.1
07.11.2021 15:00,6.5
07.11.2021 18:00,5.8
07.11.2021 21:00,6.5
08.11.2021 00:00,6.7
08.11.2021 03:00,6.6
08.11.2021 06:00,6.2
08.11.2021 09:00,5.9
08.11.2021 12:00,5.9
08.11.2021 15:00,6.6
08.11.2021 18:00,6.3
08.11.2021 21:00,6.2
09.11.2021 00:00,4.6
09.11.2021 03:00,3.6
09.11.2021 06:00,0.9
09.11.2021 09:00,0.2
09.11.2021 12:00,-1.2
09.11.2021 15:00,-0.9
09.11.2021 18:00,-1.0
09.11.2021 21:00,-1.1
10.11.2021 00:00,-2.3
10.11.2021 03:00,-2.4
10.11.2021 06:00,-2.4
10.11.2021 09:00,-1.9
10.11.2021 12:00,0.0
10.11.2021 15:00,0.7
10.11.2021 18:00,-0.3
10.11.2021 21:00,-0.1
11.11.2021 00:00,0.3
11.11.2021 03:00,-0.1
11.11.2021 06:00,1.3
11.11.2021 09:00,2.2
11.11.2021 12:00,1.8
11.11.2021 15:00,1.9
11.11.2021 18:00,2.0
11.11.2021 21:00,1.8
12.11.2021 00:00,1.4
12.11.2021 03:00,1.4
12.11.2021 06:00,0.9
12.11.2021 09:00,0.4
12.11.2021 12:00,1.0
12.11.2021 15:00,3.3
12.11.2021 18:00,3.9
12.11.2021 21:00,4.1
13.11.2021 00:00,3.9
13.11.2021 03:00,4.3
13.11.2021 06:00,3.8
13.11.2021 09:00,3.7
13.11.2021 12:00,4.2
13.11.2021 15:00,3.8
13.11.2021 18:00,2.9
13.11.2021 21:00,2.9
14.11.2021 00:00,2.4
14.11.2021 03:00,1.9
14.11.2021 06:00,1.5
14.11.2021 09:00,1.4
14.11.2021 12:00,2.5
14.11.2021 15:00,1.4
14.11.2021 18:00,1.3
14.11.2021 21:00,1.4
15.11.2021 00:00,1.2
15.11.2021 03:00,0.5
15.11.2021 06:00,0.0
15.11.2021 09:00,-0.2
15.11.2021 12:00,0.2
15.11.2021 15:00,0.1
15.11.2021 18:00,-0.8
15.11.2021 21:00,-1.3
16.11.2021 00:00,-1.5
16.11.2021 03:00,-2.3
16.11.2021 06:00,-1.8
16.11.2021 09:00,-2.4
16.11.2021 12:00,-0.6
16.11.2021 15:00,0.4
16.11.2021 18:00,-0.5
16.11.2021 21:00,-1.7
17.11.2021 00:00,-2.3
17.11.2021 03:00,-2.5
17.11.2021 06:00,-2.2
17.11.2021 09:00,-2.1
17.11.2021 12:00,-0.9
17.11.2021 15:00,0.4
17.11.2021 18:00,0.7
17.11.2021 21:00,0.7
18.11.2021 00:00,0.8
18.11.2021 03:00,0.7
18.11.2021 06:00,-0.3
18.11.2021 09:00,-1.8
18.11.2021 12:00,-1.4
18.11.2021 15:00,-1.1
18.11.2021 18:00,-0.5
18.11.2021 21:00,-0.6
19.11.2021 00:00,0.2
19.11.2021 03:00,1.0
19.11.2021 06:00,1.6
19.11.2021 09:00,2.0
19.11.2021 12:00,3.2
19.11.2021 15:00,3.0
19.11.2021 18:00,2.5
19.11.2021 21:00,2.0
20.11.2021 00:00,1.9
20.11.2021 03:00,1.9
20.11.2021 06:00,1.6
20.11.2021 09:00,0.6
20.11.2021 12:00,1.7
20.11.2021 15:00,1.4
20.11.2021 18:00,1.5
20.11.2021 21:00,1.1
21.11.2021 00:00,1.1
21.11.2021 03:00,1.6
21.11.2021 06:00,1.3
21.11.2021 09:00,1.0
21.11.2021 12:00,2.2
21.11.2021 15:00,2.5
21.11.2021 18:00,2.2
21.11.2021 21:00,0.0
22.11.2021 00:00,0.0
22.11.2021 03:00,0.4
22.11.2021 06:00,0.2
22.11.2021 09:00,-0.4
22.11.2021 12:00,-2.1
22.11.2021 15:00,-1.4
22.11.2021 18:00,-2.4
22.11.2021 21:00,-2.9
23.11.2021 00:00,0.0
23.11.2021 03:00,-5.5
23.11.2021 06:00,-6.0
23.11.2021 09:00,-5.0
23.11.2021 12:00,-3.7
23.11.2021 15:00,-2.0
23.11.2021 18:00,-3.3
23.11.2021 21:00,-4.4
24.11.2021 00:00,-5.4
24.11.2021 03:00,-6.3
24.11.2021 06:00,-6.6
24.11.2021 09:00,-5.8
24.11.2021 12:00,-3.0
24.11.2021 15:00,-2.1
24.11.2021 18:00,-1.7
24.11.2021 21:00,-0.2
25.11.2021 00:00,1.1
25.11.2021 03:00,1.5
25.11.2021 06:00,1.1
25.11.2021 09:00,1.2
25.11.2021 12:00,2.0
25.11.2021 15:00,2.8
25.11.2021 18:00,2.8
25.11.2021 21:00,2.6
26.11.2021 00:00,2.6
26.11.2021 03:00,2.4
26.11.2021 06:00,2.2
26.11.2021 09:00,2.1
26.11.2021 12:00,2.9
26.11.2021 15:00,2.9
26.11.2021 18:00,2.7
26.11.2021 21:00,3.0
27.11.2021 00:00,3.0
27.11.2021 03:00,3.1
27.11.2021 06:00,3.2
27.11.2021 09:00,2.9
27.11.2021 12:00,2.2
27.11.2021 15:00,1.8
27.11.2021 18:00,0.9
27.11.2021 21:00,1.9
28.11.2021 00:00,3.1
28.11.2021 03:00,4.0
28.11.2021 06:00,4.7
28.11.2021 09:00,5.4
28.11.2021 12:00,4.9
28.11.2021 15:00,3.5
28.11.2021 18:00,2.8
28.11.2021 21:00,2.5
29.11.2021 00:00,2.7
29.11.2021 03:00,2.9
29.11.2021 06:00,2.5
29.11.2021 09:00,3.0
29.11.2021 12:00,4.7
29.11.2021 15:00,5.0
29.11.2021 18:00,4.7
29.11.2021 21:00,4.0
30.11.2021 00:00,3.5
30.11.2021 03:00,3.8
30.11.2021 06:00,5.6
30.11.2021 09:00,5.9
30.11.2021 12:00,3.4
30.11.2021 15:00,0.2
30.11.2021 18:00,-2.1
30.11.2021 21:00,-2.3
01.12.2021 00:00,-2.7
01.12.2021 03:00,-2.0
01.12.2021 06:00,-2.4
01.12.2021 09:00,-2.9
01.12.2021 12:00,-2.7
01.12.2021 15:00,-3.2
01.12.2021 18:00,-3.6
01.12.2021 21:00,-4.7
02.12.2021 00:00,-5.2
02.12.2021 03:00,-5.5
02.12.2021 06:00,-5.1
02.12.2021 09:00,-5.8
02.12.2021 12:00,-3.8
02.12.2021 15:00,-3.0
02.12.2021 18:00,-3.2
02.12.2021 21:00,-1.6
03.12.2021 00:00,-0.1
03.12.2021 03:00,0.8
03.12.2021 06:00,1.8
03.12.2021 09:00,1.9
03.12.2021 12:00,2.2
03.12.2021 15:00,2.1
03.12.2021 18:00,0.4
03.12.2021 21:00,0.2
04.12.2021 00:00,0.6
04.12.2021 03:00,-1.4
04.12.2021 06:00,-2.4
04.12.2021 09:00,-2.0
04.12.2021 12:00,-2.7
04.12.2021 15:00,-3.1
04.12.2021 18:00,-3.7
04.12.2021 21:00,-4.2
05.12.2021 00:00,-5.3
05.12.2021 03:00,-4.6
05.12.2021 06:00,-3.7
05.12.2021 09:00,-3.3
05.12.2021 12:00,-2.0
05.12.2021 15:00,-1.2
05.12.2021 18:00,-1.8
05.12.2021 21:00,-3.0
06.12.2021 00:00,-4.4
06.12.2021 03:00,-5.2
06.12.2021 06:00,-5.7
06.12.2021 09:00,-6.5
06.12.2021 12:00,-5.7
06.12.2021 15:00,-4.2
06.12.2021 18:00,-3.6
06.12.2021 21:00,-3.2
07.12.2021 00:00,-3.2
07.12.2021 03:00,-3.6
07.12.2021 06:00,-3.1
07.12.2021 09:00,-2.6
07.12.2021 12:00,-1.7
07.12.2021 15:00,-1.0
07.12.2021 18:00,-0.3
07.12.2021 21:00,0.2
08.12.2021 00:00,-0.4
08.12.2021 03:00,-1.8
08.12.2021 06:00,-3.9
08.12.2021 09:00,-5.9
08.12.2021 12:00,-7.2
08.12.2021 15:00,-7.4
08.12.2021 18:00,-8.7
08.12.2021 21:00,-9.4
09.12.2021 00:00,-10.0
09.12.2021 03:00,-9.5
09.12.2021 06:00,-8.8
09.12.2021 09:00,-8.5
09.12.2021 12:00,-10.0
09.12.2021 15:00,-8.3
09.12.2021 18:00,-10.1
09.12.2021 21:00,-12.6
10.12.2021 00:00,-13.0
10.12.2021 03:00,-14.7
10.12.2021 06:00,-15.0
10.12.2021 09:00,-16.4
10.12.2021 12:00,-13.2
10.12.2021 15:00,-10.9
10.12.2021 18:00,-14.0
10.12.2021 21:00,-14.2
11.12.2021 00:00,-15.1
11.12.2021 03:00,-16.0
11.12.2021 06:00,-16.9
11.12.2021 09:00,-16.3
11.12.2021 12:00,-14.3
11.12.2021 15:00,-12.6
11.12.2021 18:00,-14.7
11.12.2021 21:00,-13.6
12.12.2021 00:00,-12.4
12.12.2021 03:00,-11.4
12.12.2021 06:00,-10.8
12.12.2021 09:00,-10.1
12.12.2021 12:00,-8.8
12.12.2021 15:00,-6.7
12.12.2021 18:00,-5.4
12.12.2021 21:00,-3.5
13.12.2021 00:00,-3.5
13.12.2021 03:00,-3.4
13.12.2021 06:00,-3.4
13.12.2021 09:00,-3.0
13.12.2021 12:00,-2.6
13.12.2021 15:00,-1.8
13.12.2021 18:00,-1.8
13.12.2021 21:00,-1.6
14.12.2021 00:00,-1.7
14.12.2021 03:00,-2.3
14.12.2021 06:00,-2.8
14.12.2021 09:00,-3.0
14.12.2021 12:00,-3.0
14.12.2021 15:00,-3.0
14.12.2021 18:00,-3.9
14.12.2021 21:00,-3.6
15.12.2021 00:00,-3.1
15.12.2021 03:00,-2.9
15.12.2021 06:00,-2.7
15.12.2021 09:00,-2.4
15.12.2021 12:00,-1.5
15.12.2021 15:00,-1.3
15.12.2021 18:00,-1.4
15.12.2021 21:00,-1.4
16.12.2021 00:00,-1.1
16.12.2021 03:00,-1.1
16.12.2021 06:00,-0.8
16.12.2021 09:00,0.0
16.12.2021 12:00,0.6
16.12.2021 15:00,0.9
16.12.2021 18:00,1.0
16.12.2021 21:00,0.7
17.12.2021 00:00,1.4
17.12.2021 03:00,0.9
17.12.2021 06:00,0.9
17.12.2021 09:00,0.0
17.12.2021 12:00,1.1
17.12.2021 15:00,1.2
17.12.2021 18:00,0.4
17.12.2021 21:00,0.3
18.12.2021 00:00,-0.2
18.12.2021 03:00,-0.3
18.12.2021 06:00,-0.5
18.12.2021 09:00,-1.2
18.12.2021 12:00,-1.9
18.12.2021 15:00,-1.8
18.12.2021 18:00,-2.2
18.12.2021 21:00,-2.3
19.12.2021 00:00,-2.2
19.12.2021 03:00,-2.4
19.12.2021 06:00,-2.1
19.12.2021 09:00,-1.5
19.12.2021 12:00,-0.4
19.12.2021 15:00,0.1
19.12.2021 18:00,0.0
19.12.2021 21:00,-2.3
20.12.2021 00:00,-3.9
20.12.2021 03:00,-5.1
20.12.2021 06:00,-6.8
20.12.2021 09:00,-8.1
20.12.2021 12:00,-8.5
20.12.2021 15:00,-9.9
20.12.2021 18:00,-11.6
20.12.2021 21:00,-13.1
21.12.2021 00:00,-14.3
21.12.2021 03:00,-15.8
21.12.2021 06:00,-16.3
21.12.2021 09:00,-16.6
21.12.2021 12:00,-16.6
21.12.2021 15:00,-16.2
21.12.2021 18:00,-17.4
21.12.2021 21:00,-18.6
22.12.2021 00:00,-19.8
22.12.2021 03:00,-21.3
22.12.2021 06:00,-20.3
22.12.2021 09:00,-21.4
22.12.2021 12:00,-20.7
22.12.2021 15:00,-20.6
22.12.2021 18:00,-21.2
22.12.2021 21:00,-21.2
23.12.2021 00:00,-20.0
23.12.2021 03:00,-18.8
23.12.2021 06:00,-15.6
23.12.2021 09:00,-12.6
23.12.2021 12:00,-11.4
23.12.2021 15:00,-10.8
23.12.2021 18:00,-11.2
23.12.2021 21:00,-11.5
24.12.2021 00:00,-11.6
24.12.2021 03:00,-11.1
24.12.2021 06:00,-10.6
24.12.2021 09:00,-10.1
24.12.2021 12:00,-8.9
24.12.2021 15:00,-8.7
24.12.2021 18:00,-8.7
24.12.2021 21:00,-9.8
25.12.2021 00:00,-12.7
25.12.2021 03:00,-13.0
25.12.2021 06:00,-12.1
25.12.2021 09:00,-11.2
25.12.2021 12:00,-8.4
25.12.2021 15:00,-7.7
25.12.2021 18:00,-9.3
25.12.2021 21:00,-10.6
26.12.2021 00:00,-11.7
26.12.2021 03:00,-11.4
26.12.2021 06:00,-9.1
26.12.2021 09:00,-7.5
26.12.2021 12:00,-6.9
26.12.2021 15:00,-6.4
26.12.2021 18:00,-6.0
26.12.2021 21:00,-10.4
27.12.2021 00:00,-11.4
27.12.2021 03:00,-12.2
27.12.2021 06:00,-12.1
27.12.2021 09:00,-11.6
27.12.2021 12:00,-11.6
27.12.2021 15:00,-9.6
27.12.2021 18:00,-9.5
27.12.2021 21:00,-8.5
28.12.2021 00:00,-8.5
28.12.2021 03:00,-7.8
28.12.2021 06:00,-10.4
28.12.2021 09:00,-8.9
28.12.2021 12:00,-7.8
28.12.2021 15:00,-7.3
28.12.2021 18:00,-10.8
28.12.2021 21:00,-12.1
29.12.2021 00:00,-13.2
29.12.2021 03:00,-13.3
29.12.2021 06:00,-13.3
29.12.2021 09:00,-11.6
29.12.2021 12:00,-12.9
29.12.2021 15:00,-12.1
29.12.2021 18:00,-15.8
29.12.2021 21:00,-16.6
30.12.2021 00:00,-16.1
30.12.2021 03:00,-13.7
30.12.2021 06:00,-12.5
30.12.2021 09:00,-10.9
30.12.2021 12:00,-8.7
30.12.2021 15:00,-7.7
30.12.2021 18:00,-7.4
30.12.2021 21:00,-7.1
31.12.2021 00:00,-6.8
31.12.2021 03:00,-6.3
31.12.2021 06:00,-5.9
31.12.2021 09:00,-5.4
31.12.2021 12:00,-4.4
31.12.2021 15:00,-3.9
31.12.2021 18:00,-3.8
31.12.2021 21:00,-3.4
01.01.2022 00:00,-2.8
01.01.2022 03:00,-1.9
01.01.2022 06:00,-1.5
01.01.2022 09:00,-1.4
01.01.2022 12:00,-0.7
01.01.2022 15:00,-0.6
01.01.2022 18:00,-1.8
01.01.2022 21:00,-2.5
